unix_timestamp,tof1
1790068928.5727186,1515,0,0,0
1790068928.950317,1513,0,0,0
1790068929.190682,1513,0,0,0
1790068929.3977494,1516,0,0,0
1790068929.5931904,1517,0,0,0
1790068929.794154,1513,0,0,0
1790068930.0988622,1514,0,0,0
1790068930.209719,1518,0,0,0
1790068930.4208715,1516,0,0,0
1790068930.8266158,1514,0,0,0
1790068930.8309712,1515,0,0,0
1790068931.0367773,1512,0,0,0
1790068931.2272618,1518,0,0,0
1790068931.4336724,382,0,0,0
1790068931.6549475,1744,0,0,0
1790068931.8467124,1516,0,0,0
1790068932.054724,1517,0,0,0
1790068932.2620194,1645,0,0,0
1790068932.4550772,328,0,0,0
1790068932.6790984,1532,0,0,0
1790068932.8724623,718,0,0,0
1790068933.0816746,278,0,0,0
1790068933.2778215,166,0,0,0
1790068933.50141,156,0,0,0
1790068933.6611443,155,0,0,0
1790068933.902174,176,0,0,0
1790068934.1101992,461,0,0,0
1790068934.3131788,1516,0,0,0
1790068934.5137787,1519,0,0,0
1790068934.7208378,1522,0,0,0
1790068934.925078,1515,0,0,0
1790068935.1019473,1511,0,0,0
1790068935.2932773,1505,0,0,0
1790068935.5038674,1437,0,0,0
1790068935.7425203,1366,0,0,0
1790068935.871774,1307,0,0,0
1790068936.062624,1235,0,0,0
1790068936.3345685,1156,0,0,0
1790068936.5270379,1087,0,0,0
1790068936.722793,1025,0,0,0
1790068936.8958724,959,0,0,0
1790068937.0882783,892,0,0,0
1790068937.382279,840,0,0,0
1790068937.5835087,841,0,0,0
1790068937.78987,841,0,0,0
1790068937.9614162,840,0,0,0
1790068938.1577408,841,0,0,0
1790068938.3994014,870,0,0,0
1790068938.6092563,356,0,0,0
1790068938.819856,142,0,0,0
1790068938.9812684,125,0,0,0
1790068939.2223012,124,0,0,0
1790068939.4321973,204,0,0,0
1790068939.6366048,913,0,0,0
1790068939.838158,858,0,0,0
1790068940.0443428,339,0,0,0
1790068940.253039,175,0,0,0
1790068940.4473157,145,0,0,0
1790068940.6073782,145,0,0,0
1790068940.8648646,144,0,0,0
1790068941.0739574,271,0,0,0
1790068941.268575,837,0,0,0
1790068941.4864414,841,0,0,0
1790068941.6783278,841,0,0,0
1790068941.8806603,841,0,0,0
1790068941.9933774,842,0,0,0
1790068942.1872365,843,0,0,0
1790068942.450401,788,0,0,0
1790068942.5860422,711,0,0,0
1790068942.7788508,658,0,0,0
1790068943.020419,577,0,0,0
1790068943.2128253,492,0,0,0
1790068943.4212632,421,0,0,0
1790068943.6636362,356,0,0,0
1790068943.8074453,290,0,0,0
1790068944.001042,191,0,0,0
1790068944.3410468,118,0,0,0
1790068944.5504847,97,0,0,0
1790068944.7431867,95,0,0,0
1790068944.9488962,95,0,0,0
1790068945.0254042,94,0,0,0
1790068945.3185716,94,0,0,0
1790068945.5691247,94,0,0,0
1790068945.7782335,149,0,0,0
1790068945.9897816,391,0,0,0
1790068946.0842314,826,0,0,0
1790068946.3917134,829,0,0,0
1790068946.6013696,462,0,0,0
1790068946.795121,167,0,0,0
1790068947.003933,99,0,0,0
1790068947.0842788,151,0,0,0
1790068947.409529,149,0,0,0
1790068947.5956764,112,0,0,0
1790068947.8225858,112,0,0,0
1790068948.0342884,206,0,0,0
1790068948.0965886,94,0,0,0
1790068948.43547,92,0,0,0
1790068948.5317323,91,0,0,0
1790068948.8524492,90,0,0,0
1790068949.1119573,102,0,0,0
1790068949.1119573,99,0,0,0
1790068949.4675236,99,0,0,0
1790068949.670771,97,0,0,0
1790068949.862357,96,0,0,0
1790068950.072642,97,0,0,0
1790068950.2827165,96,0,0,0
1790068950.4856396,96,0,0,0
1790068950.6923738,169,0,0,0
1790068950.7887747,859,0,0,0
1790068950.988012,827,0,0,0
1790068951.2225952,809,0,0,0
1790068951.3663945,726,0,0,0
1790068951.6071675,672,0,0,0
1790068951.8158996,579,0,0,0
1790068951.9917705,504,0,0,0
1790068952.1992087,441,0,0,0
1790068952.44102,371,0,0,0
1790068952.6333294,307,0,0,0
1790068952.847054,220,0,0,0
1790068953.1601639,147,0,0,0
1790068953.2589455,99,0,0,0
1790068953.5615606,95,0,0,0
1790068953.6830342,97,0,0,0
1790068953.866283,96,0,0,0
1790068954.1239843,96,0,0,0
1790068954.3818111,97,0,0,0
1790068954.5755663,143,0,0,0
1790068954.785246,324,0,0,0
1790068954.971591,245,0,0,0
1790068955.170028,242,0,0,0
1790068955.3952982,298,0,0,0
1790068955.609564,145,0,0,0
1790068955.8131104,97,0,0,0
1790068956.0106518,142,0,0,0
1790068956.1850803,175,0,0,0
1790068956.3624618,110,0,0,0
1790068956.635214,116,0,0,0
1790068956.8271635,210,0,0,0
1790068957.0368278,96,0,0,0
1790068957.1484466,94,0,0,0
1790068957.4527738,94,0,0,0
1790068957.6465044,94,0,0,0
1790068957.8562315,94,0,0,0
1790068958.0639179,94,0,0,0
1790068958.206532,94,0,0,0
1790068958.4632232,92,0,0,0
1790068958.671822,91,0,0,0
1790068958.8804684,91,0,0,0
1790068959.0896628,92,0,0,0
1790068959.2248924,93,0,0,0
1790068959.4927597,92,0,0,0
1790068959.701848,92,0,0,0
1790068959.895642,92,0,0,0
1790068959.9115384,91,0,0,0
1790068960.2295337,91,0,0,0
1790068960.3213558,189,0,0,0
1790068960.7206197,265,0,0,0
1790068960.7366366,368,0,0,0
1790068960.945037,848,0,0,0
1790068961.1381109,852,0,0,0
1790068961.4474413,850,0,0,0
1790068961.5705564,826,0,0,0
1790068961.7612798,742,0,0,0
1790068962.0152721,690,0,0,0
1790068962.1592238,628,0,0,0
1790068962.3994737,541,0,0,0
1790068962.5918171,475,0,0,0
1790068962.785799,405,0,0,0
1790068963.0397391,342,0,0,0
1790068963.1831746,271,0,0,0
1790068963.406101,170,0,0,0
1790068963.5971382,115,0,0,0
1790068963.8054717,116,0,0,0
1790068964.0214655,116,0,0,0
1790068964.221437,115,0,0,0
1790068964.4158874,115,0,0,0
1790068964.576599,114,0,0,0
1790068964.8132334,141,0,0,0
1790068965.0199225,167,0,0,0
1790068965.2269554,94,0,0,0
1790068965.4033813,93,0,0,0
1790068965.6436348,108,0,0,0
1790068965.8505483,205,0,0,0
1790068966.02765,119,0,0,0
1790068966.2533278,132,0,0,0
1790068966.4636126,289,0,0,0
1790068966.6581452,1564,0,0,0
1790068966.8641198,1588,0,0,0
1790068967.024266,1588,0,0,0
1790068967.2817917,654,0,0,0
1790068967.4740648,163,0,0,0
1790068967.682175,119,0,0,0
1790068967.89315,118,0,0,0
1790068968.0607755,117,0,0,0
1790068968.3060412,115,0,0,0
1790068968.514389,114,0,0,0
1790068968.7193651,115,0,0,0
1790068968.9134364,114,0,0,0
1790068969.1195476,113,0,0,0
1790068969.2947423,114,0,0,0
1790068969.5325124,114,0,0,0
1790068969.7362053,113,0,0,0
1790068969.9460678,198,0,0,0
1790068970.1394284,1496,0,0,0
1790068970.2995372,1587,0,0,0
1790068970.5080338,1577,0,0,0
1790068970.7624686,1502,0,0,0
1790068970.9063134,1441,0,0,0
1790068971.0977938,1381,0,0,0
1790068971.3065774,1312,0,0,0
1790068971.5333543,1255,0,0,0
1790068971.7469153,1188,0,0,0
1790068971.915582,1125,0,0,0
1790068972.1250196,1061,0,0,0
1790068972.3175583,998,0,0,0
1790068972.6062317,939,0,0,0
1790068972.8011649,945,0,0,0
1790068972.929712,951,0,0,0
1790068973.224172,952,0,0,0
1790068973.336628,953,0,0,0
1790068973.5787003,952,0,0,0
1790068973.8326437,961,0,0,0
1790068974.0384297,386,0,0,0
1790068974.2455266,175,0,0,0
1790068974.326474,139,0,0,0
1790068974.6515675,135,0,0,0
1790068974.8568292,200,0,0,0
1790068975.0641446,514,0,0,0
1790068975.2722464,965,0,0,0
1790068975.4660728,319,0,0,0
1790068975.6846073,150,0,0,0
1790068975.886397,126,0,0,0
1790068976.0441802,124,0,0,0
1790068976.2888536,123,0,0,0
1790068976.3628554,310,0,0,0
1790068976.6979148,959,0,0,0
1790068976.8113198,947,0,0,0
1790068977.0161731,949,0,0,0
1790068977.2077487,948,0,0,0
1790068977.3993468,885,0,0,0
1790068977.5934935,827,0,0,0
1790068977.7986653,760,0,0,0
1790068978.0378716,685,0,0,0
1790068978.2289696,637,0,0,0
1790068978.442923,544,0,0,0
1790068978.6306875,475,0,0,0
1790068978.8241878,412,0,0,0
1790068979.0164344,343,0,0,0
1790068979.368341,236,0,0,0
1790068979.5618708,222,0,0,0
1790068979.7704303,225,0,0,0
1790068979.9741879,224,0,0,0
1790068980.0862944,223,0,0,0
1790068980.2782433,222,0,0,0
1790068980.5985262,245,0,0,0
1790068980.7923496,290,0,0,0
1790068981.0041184,145,0,0,0
1790068981.1580906,132,0,0,0
1790068981.252988,131,0,0,0
1790068981.6077726,193,0,0,0
1790068981.81598,306,0,0,0
1790068982.0249357,222,0,0,0
1790068982.233914,403,0,0,0
1790068982.3968842,669,0,0,0
1790068982.5560782,1530,0,0,0
1790068982.845934,1523,0,0,0
1790068982.8622146,429,0,0,0
1790068983.2493074,275,0,0,0
1790068983.2814016,226,0,0,0
1790068983.6654124,223,0,0,0
1790068983.6811156,221,0,0,0
1790068983.8721187,222,0,0,0
1790068984.0807004,230,0,0,0
1790068984.2862113,232,0,0,0
1790068984.6872694,230,0,0,0
1790068984.703254,228,0,0,0
1790068984.8967261,227,0,0,0
1790068985.1051004,228,0,0,0
1790068985.2983441,227,0,0,0
1790068985.5055678,229,0,0,0
1790068985.7089474,254,0,0,0
1790068985.924871,619,0,0,0
1790068986.1257129,1530,0,0,0
1790068986.3034632,1530,0,0,0
1790068986.5423396,1510,0,0,0
1790068986.7509844,1424,0,0,0
1790068986.9426565,1372,0,0,0
1790068987.1833901,1305,0,0,0
1790068987.3763726,1226,0,0,0
1790068987.552393,1163,0,0,0
1790068987.7613413,1095,0,0,0
1790068987.9873123,1052,0,0,0
1790068988.1641212,988,0,0,0
1790068988.3722463,925,0,0,0
1790068988.581291,896,0,0,0
1790068988.77272,923,0,0,0
1790068988.9791648,927,0,0,0
1790068989.1917791,911,0,0,0
1790068989.4013348,912,0,0,0
1790068989.5755446,910,0,0,0
1790068989.7987533,912,0,0,0
1790068990.0073633,385,0,0,0
1790068990.2170355,226,0,0,0
1790068990.4224045,210,0,0,0
1790068990.630614,223,0,0,0
1790068990.8234243,406,0,0,0
1790068991.0444243,883,0,0,0
1790068991.2446892,997,0,0,0
1790068991.4493227,1730,0,0,0
1790068991.6579866,797,0,0,0
1790068991.8517213,792,0,0,0
1790068992.017859,793,0,0,0
1790068992.2653391,1371,0,0,0
1790068992.4588053,999,0,0,0
1790068992.6661947,908,0,0,0
1790068992.8757896,909,0,0,0
1790068993.1963205,910,0,0,0
1790068993.2613454,911,0,0,0
1790068993.4567485,893,0,0,0
1790068993.659553,796,0,0,0
1790068993.900081,734,0,0,0
1790068994.0928402,671,0,0,0
1790068994.300806,594,0,0,0
1790068994.5258226,528,0,0,0
1790068994.6851616,457,0,0,0
1790068994.8813136,378,0,0,0
1790068995.1177814,310,0,0,0
1790068995.3254478,217,0,0,0
1790068995.5172327,166,0,0,0
1790068995.7384806,176,0,0,0
1790068995.9473376,180,0,0,0
1790068996.1679688,180,0,0,0
1790068996.3603666,183,0,0,0
1790068996.519307,188,0,0,0
1790068996.766083,232,0,0,0
1790068996.985412,297,0,0,0
1790068997.1791573,208,0,0,0
1790068997.3648946,205,0,0,0
1790068997.5330658,216,0,0,0
1790068997.7900004,358,0,0,0
1790068997.9988127,203,0,0,0
1790068998.1926699,210,0,0,0
1790068998.4020636,360,0,0,0
1790068998.562874,1407,0,0,0
1790068998.7884908,1494,0,0,0
1790068998.966078,1132,0,0,0
1790068999.2236655,305,0,0,0
1790068999.432189,195,0,0,0
1790068999.5600736,193,0,0,0
1790068999.8309069,191,0,0,0
1790069000.0389209,190,0,0,0
1790069000.2485101,188,0,0,0
1790069000.4575145,199,0,0,0
1790069000.586279,198,0,0,0
1790069000.8611968,198,0,0,0
1790069001.0794284,198,0,0,0
1790069001.27991,195,0,0,0
1790069001.4843996,194,0,0,0
1790069001.6811388,196,0,0,0
1790069001.8846972,194,0,0,0
1790069002.0946286,362,0,0,0
1790069002.3044279,1503,0,0,0
1790069002.4170988,1493,0,0,0
1790069002.6255386,1488,0,0,0
1790069002.8847897,1406,0,0,0
1790069003.1074507,1344,0,0,0
1790069003.2667634,1282,0,0,0
1790069003.460205,1213,0,0,0
1790069003.700526,1156,0,0,0
1790069003.8944979,1089,0,0,0
1790069004.1023092,1025,0,0,0
1790069004.359082,957,0,0,0
1790069004.487153,894,0,0,0
1790069004.760305,833,0,0,0
1790069004.9572666,823,0,0,0
1790069005.1592839,827,0,0,0
1790069005.3626266,830,0,0,0
1790069005.4745493,832,0,0,0
1790069005.7311478,831,0,0,0
1790069005.9891033,848,0,0,0
1790069006.1961741,475,0,0,0
1790069006.400443,261,0,0,0
1790069006.5609837,200,0,0,0
1790069006.7981458,198,0,0,0
1790069007.0072727,332,0,0,0
1790069007.2170668,787,0,0,0
1790069007.4115574,832,0,0,0
1790069007.620772,444,0,0,0
1790069007.8281546,348,0,0,0
1790069007.9892406,861,0,0,0
1790069008.2295964,863,0,0,0
1790069008.4476063,415,0,0,0
1790069008.6462898,835,0,0,0
1790069008.8551245,831,0,0,0
1790069009.0483654,832,0,0,0
1790069009.2577093,831,0,0,0
1790069009.3646345,831,0,0,0
1790069009.5546324,829,0,0,0
1790069009.761508,764,0,0,0
1790069010.008999,694,0,0,0
1790069010.1316528,645,0,0,0
1790069010.3383794,550,0,0,0
1790069010.586535,487,0,0,0
1790069010.787291,419,0,0,0
1790069010.9791703,353,0,0,0
1790069011.220456,287,0,0,0
1790069011.3648198,189,0,0,0
1790069011.6715047,118,0,0,0
1790069011.928857,100,0,0,0
1790069012.121782,104,0,0,0
1790069012.3247375,104,0,0,0
1790069012.436587,105,0,0,0
1790069012.673296,102,0,0,0
1790069012.8503044,103,0,0,0
1790069013.1557972,156,0,0,0
1790069013.3484614,305,0,0,0
1790069013.558061,214,0,0,0
1790069013.5738623,210,0,0,0
1790069013.7829394,212,0,0,0
1790069013.977051,259,0,0,0
1790069014.1858232,206,0,0,0
1790069014.3787858,113,0,0,0
1790069014.604571,147,0,0,0
1790069014.7970831,222,0,0,0
1790069015.0233846,162,0,0,0
1790069015.2006466,162,0,0,0
1790069015.4253693,192,0,0,0
1790069015.61635,144,0,0,0
1790069015.8247907,110,0,0,0
1790069016.0157573,110,0,0,0
1790069016.43414,110,0,0,0
1790069016.43414,110,0,0,0
1790069016.6350574,109,0,0,0
1790069016.8401077,109,0,0,0
1790069017.0460136,107,0,0,0
1790069017.2550771,106,0,0,0
1790069017.448474,106,0,0,0
1790069017.6577241,106,0,0,0
1790069017.8679075,106,0,0,0
1790069018.0712843,105,0,0,0
1790069018.2782028,106,0,0,0
1790069018.4719026,105,0,0,0
1790069018.6913738,104,0,0,0
1790069018.8996632,182,0,0,0
1790069019.090687,216,0,0,0
1790069019.2994924,260,0,0,0
1790069019.493981,792,0,0,0
1790069019.7016163,1579,0,0,0
1790069019.9090447,1578,0,0,0
1790069020.0859108,1563,0,0,0
1790069020.2787173,1487,0,0,0
1790069020.5357878,1423,0,0,0
1790069020.7105498,1360,0,0,0
1790069020.919224,1295,0,0,0
1790069021.094634,1232,0,0,0
1790069021.3037682,1170,0,0,0
1790069021.4971166,1105,0,0,0
1790069021.6759388,1043,0,0,0
1790069021.8824666,977,0,0,0
1790069022.1589103,922,0,0,0
1790069022.3656418,921,0,0,0
1790069022.5713,922,0,0,0
1790069022.7895663,918,0,0,0
1790069022.9021494,919,0,0,0
1790069023.1908185,920,0,0,0
1790069023.3640459,919,0,0,0
1790069023.5925484,932,0,0,0
1790069023.7857125,1209,0,0,0
1790069024.0118454,1110,0,0,0
1790069024.1727557,873,0,0,0
1790069024.4138868,878,0,0,0
1790069024.6237998,1639,0,0,0
1790069024.8015947,1013,0,0,0
1790069025.0270853,930,0,0,0
1790069025.2347538,445,0,0,0
1790069025.4462724,210,0,0,0
1790069025.6204677,189,0,0,0
1790069025.810735,191,0,0,0
1790069026.0506465,423,0,0,0
1790069026.2601247,915,0,0,0
1790069026.3755202,915,0,0,0
1790069026.6619678,919,0,0,0
1790069026.8222706,918,0,0,0
1790069027.07812,924,0,0,0
1790069027.2878463,920,0,0,0
1790069027.4821982,921,0,0,0
1790069027.6916146,919,0,0,0
1790069027.8368232,918,0,0,0
1790069028.0931864,917,0,0,0
1790069028.3027742,919,0,0,0
1790069028.4637208,918,0,0,0
1790069028.7143524,921,0,0,0
1790069028.841877,1370,0,0,0
1790069029.1296976,873,0,0,0
1790069029.2568898,870,0,0,0
1790069029.4472878,863,0,0,0
1790069029.6381423,794,0,0,0
1790069029.8145351,727,0,0,0
1790069030.0232365,668,0,0,0
1790069030.263415,586,0,0,0
1790069030.5205166,521,0,0,0
1790069030.6649857,450,0,0,0
1790069030.8565655,385,0,0,0
1790069031.047771,319,0,0,0
1790069031.2401676,224,0,0,0
1790069031.5780096,153,0,0,0
1790069031.7850149,136,0,0,0
1790069031.8670504,144,0,0,0
1790069032.1987317,155,0,0,0
1790069032.3227546,153,0,0,0
1790069032.613051,153,0,0,0
1790069032.7826414,153,0,0,0
1790069032.8841162,152,0,0,0
1790069033.2217581,207,0,0,0
1790069033.4263902,88,0,0,0
1790069033.5836642,52,0,0,0
1790069033.8560297,52,0,0,0
1790069033.871733,86,0,0,0
1790069034.2418618,206,0,0,0
1790069034.4495676,151,0,0,0
1790069034.6564684,201,0,0,0
1790069034.8658793,1087,0,0,0
1790069035.058532,922,0,0,0
1790069035.2203307,915,0,0,0
1790069035.477676,923,0,0,0
1790069035.6719153,1080,0,0,0
1790069035.882712,188,0,0,0
1790069035.9932091,155,0,0,0
1790069036.2980804,155,0,0,0
1790069036.5014358,153,0,0,0
1790069036.7016435,154,0,0,0
1790069036.728094,157,0,0,0
1790069036.9257948,152,0,0,0
1790069037.1189048,152,0,0,0
1790069037.3182662,149,0,0,0
1790069037.727612,149,0,0,0
1790069037.743651,150,0,0,0
1790069037.9211643,148,0,0,0
1790069038.1444106,152,0,0,0
1790069038.5469534,148,0,0,0
1790069038.5632005,148,0,0,0
1790069038.7570035,150,0,0,0
1790069038.9585388,149,0,0,0
1790069039.360179,155,0,0,0
1790069039.3761737,49,0,0,0
1790069039.5689516,98,0,0,0
1790069039.7778597,944,0,0,0
1790069039.9861622,897,0,0,0
1790069040.183581,900,0,0,0
1790069040.3843696,859,0,0,0
1790069040.5910623,782,0,0,0
1790069040.7977967,707,0,0,0
1790069041.0070953,636,0,0,0
1790069041.1985664,571,0,0,0
1790069041.406808,501,0,0,0
1790069041.6231093,436,0,0,0
1790069041.8456936,371,0,0,0
1790069042.0150235,303,0,0,0
1790069042.237843,208,0,0,0
1790069042.4383724,188,0,0,0
1790069042.659285,186,0,0,0
1790069042.8286076,185,0,0,0
1790069043.05652,185,0,0,0
1790069043.2662382,184,0,0,0
1790069043.4591079,183,0,0,0
1790069043.6668444,210,0,0,0
1790069043.8759823,403,0,0,0
1790069044.0680969,922,0,0,0
1790069044.2922704,916,0,0,0
1790069044.484489,918,0,0,0
1790069044.6933494,931,0,0,0
1790069044.8999424,367,0,0,0
1790069045.0950184,210,0,0,0
1790069045.3012626,206,0,0,0
1790069045.5099545,397,0,0,0
1790069045.715893,875,0,0,0
1790069045.8930132,842,0,0,0
1790069046.1325204,892,0,0,0
1790069046.3260105,301,0,0,0
1790069046.5322723,193,0,0,0
1790069046.6555777,188,0,0,0
1790069046.9456382,185,0,0,0
1790069047.0583768,185,0,0,0
1790069047.358748,187,0,0,0
1790069047.55903,184,0,0,0
1790069047.76026,182,0,0,0
1790069047.973568,182,0,0,0
1790069048.166393,179,0,0,0
1790069048.3756344,180,0,0,0
1790069048.48722,179,0,0,0
1790069048.788939,239,0,0,0
1790069048.9951792,899,0,0,0
1790069049.108012,913,0,0,0
1790069049.3679771,912,0,0,0
1790069049.5072708,860,0,0,0
1790069049.6999512,772,0,0,0
1790069049.8929873,715,0,0,0
1790069050.1334198,644,0,0,0
1790069050.3413842,574,0,0,0
1790069050.5820727,500,0,0,0
1790069050.7262228,434,0,0,0
1790069050.918161,371,0,0,0
1790069051.167003,302,0,0,0
1790069051.3482885,207,0,0,0
1790069051.653766,198,0,0,0
1790069051.8629906,203,0,0,0
1790069052.0194962,202,0,0,0
1790069052.131792,202,0,0,0
1790069052.433627,200,0,0,0
1790069052.6806521,200,0,0,0
1790069052.8829627,325,0,0,0
1790069053.0256872,669,0,0,0
1790069053.2667742,1498,0,0,0
1790069053.4926782,1500,0,0,0
1790069053.699434,597,0,0,0
1790069053.9085183,305,0,0,0
1790069054.0370204,207,0,0,0
1790069054.3135064,259,0,0,0
1790069054.5178792,243,0,0,0
1790069054.6869204,171,0,0,0
1790069054.9329436,170,0,0,0
1790069055.0451307,343,0,0,0
1790069055.3341694,201,0,0,0
1790069055.4469028,197,0,0,0
1790069055.7506833,197,0,0,0
1790069055.9592257,197,0,0,0
1790069056.0559297,198,0,0,0
1790069056.3610501,198,0,0,0
1790069056.570226,196,0,0,0
1790069056.7790177,195,0,0,0
1790069056.971925,193,0,0,0
1790069057.068324,192,0,0,0
1790069057.295589,192,0,0,0
1790069057.5883133,201,0,0,0
1790069057.799964,444,0,0,0
1790069057.90864,1482,0,0,0
1790069058.0940776,1489,0,0,0
1790069058.2286282,1449,0,0,0
1790069058.502719,1370,0,0,0
1790069058.6451125,1318,0,0,0
1790069058.8865576,1248,0,0,0
1790069059.0787315,1176,0,0,0
1790069059.2531173,1125,0,0,0
1790069059.5103781,1059,0,0,0
1790069059.6698647,983,0,0,0
1790069059.894384,916,0,0,0
1790069060.1091428,854,0,0,0
1790069060.4578352,832,0,0,0
1790069060.6663613,834,0,0,0
1790069060.6663613,832,0,0,0
1790069060.9851692,833,0,0,0
1790069061.1146023,833,0,0,0
1790069061.2884223,834,0,0,0
1790069061.4794185,878,0,0,0
1790069061.7025716,368,0,0,0
1790069061.89571,819,0,0,0
1790069062.1037807,806,0,0,0
1790069062.2983468,570,0,0,0
1790069062.5204012,989,0,0,0
1790069062.7214866,827,0,0,0
1790069062.922335,685,0,0,0
1790069063.1295035,298,0,0,0
1790069063.3382587,194,0,0,0
1790069063.515738,187,0,0,0
1790069063.7419076,219,0,0,0
1790069064.144785,702,0,0,0
1790069064.1609037,829,0,0,0
1790069064.3659198,831,0,0,0
1790069064.5441368,832,0,0,0
1790069064.768146,811,0,0,0
1790069064.960991,730,0,0,0
1790069065.1537535,668,0,0,0
1790069065.3851793,605,0,0,0
1790069065.619815,527,0,0,0
1790069065.7637,463,0,0,0
1790069065.9601502,378,0,0,0
1790069066.1648266,330,0,0,0
1790069066.3885396,237,0,0,0
1790069066.61471,145,0,0,0
1790069066.8249276,99,0,0,0
1790069067.0237713,120,0,0,0
1790069067.1853275,123,0,0,0
1790069067.4260695,121,0,0,0
1790069067.6340015,121,0,0,0
1790069067.7930453,120,0,0,0
1790069068.0415769,136,0,0,0
1790069068.1931543,293,0,0,0
1790069068.4533257,1028,0,0,0
1790069068.6611314,1533,0,0,0
1790069068.815588,1532,0,0,0
1790069069.0634608,769,0,0,0
1790069069.1922963,268,0,0,0
1790069069.4656334,139,0,0,0
1790069069.6749997,142,0,0,0
1790069069.8845782,280,0,0,0
1790069070.078734,191,0,0,0
1790069070.254808,182,0,0,0
1790069070.4977202,191,0,0,0
1790069070.6906195,200,0,0,0
1790069070.9002316,120,0,0,0
1790069071.112808,120,0,0,0
1790069071.3058662,119,0,0,0
1790069071.5155742,118,0,0,0
1790069071.9287753,119,0,0,0
1790069071.9444177,119,0,0,0
1790069072.136176,118,0,0,0
1790069072.3446145,117,0,0,0
1790069072.5371609,118,0,0,0
1790069072.7471821,118,0,0,0
1790069072.9555125,118,0,0,0
1790069073.1642947,118,0,0,0
1790069073.3647106,117,0,0,0
1790069073.5732477,117,0,0,0
1790069073.7667615,117,0,0,0
1790069073.9758308,116,0,0,0
1790069074.184153,117,0,0,0
1790069074.3901093,117,0,0,0
1790069074.5950177,116,0,0,0
1790069074.7999542,116,0,0,0
1790069075.0058692,115,0,0,0
1790069075.213008,127,0,0,0
1790069075.4157023,125,0,0,0
1790069075.6193917,126,0,0,0
1790069075.8241315,126,0,0,0
1790069076.0306098,125,0,0,0
1790069076.2311523,115,0,0,0
1790069076.4390569,126,0,0,0
1790069076.6497533,124,0,0,0
1790069076.849016,125,0,0,0
1790069077.050428,124,0,0,0
1790069077.2582822,125,0,0,0
1790069077.4588416,124,0,0,0
1790069077.668574,124,0,0,0
1790069077.7844064,124,0,0,0
1790069078.0713475,124,0,0,0
1790069078.2640638,124,0,0,0
1790069078.4784055,123,0,0,0
1790069078.6831949,122,0,0,0
1790069078.8964455,123,0,0,0
1790069079.1011403,123,0,0,0
1790069079.2566135,123,0,0,0
1790069079.5128634,122,0,0,0
1790069079.715657,124,0,0,0
1790069079.9092696,123,0,0,0
1790069080.1247897,123,0,0,0
1790069080.2865596,123,0,0,0
1790069080.5318735,124,0,0,0
1790069080.7253666,122,0,0,0
1790069080.94286,123,0,0,0
1790069081.1436214,122,0,0,0
1790069081.3043387,122,0,0,0
1790069081.549409,121,0,0,0
1790069081.758937,123,0,0,0
1790069081.9682326,123,0,0,0
1790069082.17263,123,0,0,0
1790069082.3014343,123,0,0,0
1790069082.5801144,122,0,0,0
1790069082.7876484,122,0,0,0
1790069082.986651,123,0,0,0
1790069083.1968782,123,0,0,0
1790069083.3056386,122,0,0,0
1790069083.607772,121,0,0,0
1790069083.8125029,122,0,0,0
1790069084.0141602,121,0,0,0
1790069084.0488276,122,0,0,0
1790069084.3060372,122,0,0,0
1790069084.6293464,121,0,0,0
1790069084.646038,121,0,0,0
1790069084.8398955,121,0,0,0
1790069085.2433226,122,0,0,0
1790069085.4658594,122,0,0,0
1790069085.6588526,121,0,0,0
1790069085.8610716,122,0,0,0
1790069086.0416162,121,0,0,0
1790069086.2701204,120,0,0,0
1790069086.4863987,121,0,0,0
1790069086.686461,121,0,0,0
1790069086.8843522,120,0,0,0
1790069087.2912996,120,0,0,0
1790069087.3004928,120,0,0,0
1790069087.494649,120,0,0,0
1790069087.7039907,119,0,0,0
1790069087.9048884,120,0,0,0
1790069088.1755419,121,0,0,0
1790069088.3199248,120,0,0,0
1790069088.4788897,121,0,0,0
1790069088.7452686,121,0,0,0
1790069088.8737123,121,0,0,0
1790069089.0737424,120,0,0,0
1790069089.3392558,120,0,0,0
1790069089.5054514,120,0,0,0
1790069089.6938167,120,0,0,0
1790069090.1245024,121,0,0,0
1790069090.398262,121,0,0,0
1790069090.5413477,119,0,0,0
1790069090.725776,120,0,0,0
1790069090.9780056,120,0,0,0
1790069091.1242287,119,0,0,0
1790069091.3945212,119,0,0,0
1790069091.5400202,119,0,0,0
1790069091.7288344,120,0,0,0
1790069091.9571235,119,0,0,0
1790069092.1242173,120,0,0,0
1790069092.367469,120,0,0,0
1790069092.5121312,119,0,0,0
1790069092.7835,119,0,0,0
1790069092.9839501,119,0,0,0
1790069093.1941237,120,0,0,0
1790069093.339543,120,0,0,0
1790069093.6102223,119,0,0,0
1790069093.759095,119,0,0,0
1790069094.0478354,120,0,0,0
1790069094.2559824,119,0,0,0
1790069094.3744714,119,0,0,0
1790069094.66634,119,0,0,0
1790069094.8699298,118,0,0,0
1790069095.075421,119,0,0,0
1790069095.2826214,118,0,0,0
1790069095.3846734,118,0,0,0
1790069095.6864636,118,0,0,0
1790069095.8936582,119,0,0,0
1790069096.0961237,117,0,0,0
1790069096.304873,118,0,0,0
1790069096.50562,119,0,0,0
1790069096.714325,118,0,0,0
1790069096.9153452,118,0,0,0
1790069097.1233282,117,0,0,0
1790069097.3250146,117,0,0,0
1790069097.5312836,118,0,0,0
1790069097.7387142,117,0,0,0
1790069097.9549923,119,0,0,0
1790069098.1443005,118,0,0,0
1790069098.351448,117,0,0,0
1790069098.555105,117,0,0,0
1790069098.7613623,118,0,0,0
1790069098.9666865,118,0,0,0
1790069099.1720617,117,0,0,0
1790069099.3736143,118,0,0,0
1790069099.5817764,116,0,0,0
1790069099.7851567,118,0,0,0
1790069099.9905093,116,0,0,0
1790069100.1926658,117,0,0,0
1790069100.4006035,117,0,0,0
1790069100.6027694,118,0,0,0
1790069100.8110197,117,0,0,0
1790069101.0126724,116,0,0,0
1790069101.2191136,117,0,0,0
1790069101.4087017,116,0,0,0
1790069101.6291096,116,0,0,0
1790069101.8321645,118,0,0,0
1790069102.038651,117,0,0,0
1790069102.241744,116,0,0,0
1790069102.415501,116,0,0,0
1790069102.651443,116,0,0,0
1790069102.8581243,117,0,0,0
1790069103.0607128,117,0,0,0
1790069103.262141,116,0,0,0
1790069103.4216375,116,0,0,0
1790069103.6765473,117,0,0,0
1790069103.8801713,116,0,0,0
1790069104.0862405,115,0,0,0
1790069104.2904377,115,0,0,0
1790069104.422382,116,0,0,0
1790069104.6998281,115,0,0,0
1790069104.9015627,115,0,0,0
1790069105.109843,116,0,0,0
1790069105.3116615,118,0,0,0
1790069105.428913,116,0,0,0
1790069105.7204278,115,0,0,0
1790069105.927616,117,0,0,0
1790069106.1300914,116,0,0,0
1790069106.3368704,117,0,0,0
1790069106.4350011,116,0,0,0
1790069106.746428,117,0,0,0
1790069106.761316,125,0,0,0
1790069106.9556668,116,0,0,0
1790069107.1845927,116,0,0,0
1790069107.435485,115,0,0,0
1790069107.5813465,114,0,0,0
1790069107.7755773,116,0,0,0
1790069107.9834025,125,0,0,0
1790069108.1846812,126,0,0,0
1790069108.3932917,115,0,0,0
1790069108.6020005,116,0,0,0
1790069108.8028626,116,0,0,0
1790069109.0049756,125,0,0,0
1790069109.2061725,126,0,0,0
1790069109.4451306,116,0,0,0
1790069109.6227689,116,0,0,0
1790069109.8439057,126,0,0,0
1790069110.2308843,126,0,0,0
1790069110.2358525,126,0,0,0
1790069110.434959,126,0,0,0
1790069110.8429673,126,0,0,0
1790069111.0683832,126,0,0,0
1790069111.2601159,126,0,0,0
1790069111.6629636,126,0,0,0
1790069111.865173,126,0,0,0
1790069112.0726924,126,0,0,0
1790069112.4617746,126,0,0,0
1790069112.4617746,125,0,0,0
1790069112.6911428,125,0,0,0
1790069112.8924444,126,0,0,0
1790069113.1004665,126,0,0,0
1790069113.3017373,125,0,0,0
1790069113.4749496,126,0,0,0
1790069113.7108543,126,0,0,0
1790069113.9195383,125,0,0,0
1790069114.1209688,126,0,0,0
1790069114.3295388,126,0,0,0
1790069114.530376,126,0,0,0
1790069114.745226,125,0,0,0
1790069114.9428294,125,0,0,0
1790069115.1580186,125,0,0,0
1790069115.365061,125,0,0,0
1790069115.5644093,125,0,0,0
1790069115.761853,125,0,0,0
1790069115.9632034,125,0,0,0
1790069116.1851835,126,0,0,0
1790069116.3845313,126,0,0,0
1790069116.5858507,125,0,0,0
1790069116.7822073,125,0,0,0
1790069117.0017846,125,0,0,0
1790069117.2041104,125,0,0,0
1790069117.4045203,125,0,0,0
1790069117.6022043,125,0,0,0
1790069117.81472,125,0,0,0
1790069118.0143378,125,0,0,0
1790069118.222571,125,0,0,0
1790069118.423348,125,0,0,0
1790069118.625122,126,0,0,0
1790069118.833714,126,0,0,0
1790069119.037098,125,0,0,0
1790069119.243751,125,0,0,0
1790069119.4478846,125,0,0,0
1790069119.652943,125,0,0,0
1790069119.8643105,125,0,0,0
1790069120.0663133,126,0,0,0
1790069120.272871,125,0,0,0
1790069120.4764106,125,0,0,0
1790069120.6764007,124,0,0,0
1790069120.884219,126,0,0,0
1790069121.084751,125,0,0,0
1790069121.2878242,125,0,0,0
1790069121.5031998,125,0,0,0
1790069121.703999,125,0,0,0
1790069121.9039922,126,0,0,0
1790069122.1066408,126,0,0,0
1790069122.3152478,125,0,0,0
1790069122.5238545,124,0,0,0
1790069122.725482,125,0,0,0
1790069122.9273698,124,0,0,0
1790069123.1412544,124,0,0,0
1790069123.337089,124,0,0,0
1790069123.5166638,124,0,0,0
1790069123.7461147,124,0,0,0
1790069123.9541829,125,0,0,0
1790069124.1557138,125,0,0,0
1790069124.3637364,124,0,0,0
1790069124.5241637,124,0,0,0
1790069124.772928,125,0,0,0
1790069124.9775543,124,0,0,0
1790069125.181548,124,0,0,0
1790069125.3844597,124,0,0,0
1790069125.524066,124,0,0,0
1790069125.7943177,124,0,0,0
1790069125.9991794,125,0,0,0
1790069126.2037427,125,0,0,0
1790069126.405345,124,0,0,0
1790069126.5231562,124,0,0,0
1790069126.814689,126,0,0,0
1790069127.023199,125,0,0,0
1790069127.224751,124,0,0,0
1790069127.418814,124,0,0,0
1790069127.5351632,125,0,0,0
1790069127.8427272,124,0,0,0
1790069128.0442848,124,0,0,0
1790069128.2531095,125,0,0,0
1790069128.3577569,124,0,0,0
1790069128.543643,124,0,0,0
1790069128.8661513,124,0,0,0
1790069129.0718312,125,0,0,0
1790069129.2729886,126,0,0,0
1790069129.4810495,126,0,0,0
1790069129.543253,125,0,0,0
1790069129.890666,126,0,0,0
1790069129.9803452,126,0,0,0
1790069130.2996948,125,0,0,0
1790069130.5016725,125,0,0,0
1790069130.7090623,124,0,0,0
1790069130.9112453,124,0,0,0
1790069131.1179159,126,0,0,0
1790069131.32067,125,0,0,0
1790069131.5278203,124,0,0,0
1790069131.7304406,124,0,0,0
1790069131.9389303,125,0,0,0
1790069132.1397095,124,0,0,0
1790069132.3489118,125,0,0,0
1790069132.5623598,124,0,0,0
1790069132.7578,125,0,0,0
1790069132.9593234,123,0,0,0
1790069133.1672187,124,0,0,0
1790069133.3686848,126,0,0,0
1790069133.557117,124,0,0,0
1790069133.7794554,124,0,0,0
1790069133.9863226,124,0,0,0
1790069134.190139,125,0,0,0
1790069134.3962424,124,0,0,0
1790069134.5621257,124,0,0,0
1790069134.8050709,125,0,0,0
1790069135.0076332,124,0,0,0
1790069135.2096612,124,0,0,0
1790069135.4178405,123,0,0,0
1790069135.5632312,123,0,0,0
1790069135.8274229,124,0,0,0
1790069136.0348253,124,0,0,0
1790069136.2371316,124,0,0,0
1790069136.443741,123,0,0,0
1790069136.5702844,124,0,0,0
1790069136.8534293,123,0,0,0
1790069137.0564535,124,0,0,0
1790069137.2581475,124,0,0,0
1790069137.4664233,123,0,0,0
1790069137.472859,124,0,0,0
1790069137.6814241,124,0,0,0
1790069137.886189,124,0,0,0
1790069138.2854562,123,0,0,0
1790069138.491964,124,0,0,0
1790069138.577141,123,0,0,0
1790069138.8968928,123,0,0,0
1790069139.1045158,124,0,0,0
1790069139.3059256,124,0,0,0
1790069139.3197527,123,0,0,0
1790069139.5211084,124,0,0,0
1790069139.72207,123,0,0,0
1790069139.9240565,124,0,0,0
1790069140.1400893,124,0,0,0
1790069140.3367283,123,0,0,0
1790069140.591092,124,0,0,0
1790069140.9451,123,0,0,0
1790069140.9639497,124,0,0,0
1790069141.159952,123,0,0,0
1790069141.36253,124,0,0,0
1790069141.5897532,123,0,0,0
1790069141.7831416,124,0,0,0
1790069141.9722607,123,0,0,0
1790069142.1730168,123,0,0,0
1790069142.38216,124,0,0,0
1790069142.5890763,123,0,0,0
1790069142.8058612,122,0,0,0
1790069142.9993668,122,0,0,0
1790069143.2013233,123,0,0,0
1790069143.4229527,122,0,0,0
1790069143.6034226,123,0,0,0
1790069143.8126447,123,0,0,0
1790069144.0205822,123,0,0,0
1790069144.429929,122,0,0,0
1790069144.4303539,122,0,0,0
1790069144.6230335,123,0,0,0
1790069144.840033,123,0,0,0
1790069145.048053,123,0,0,0
1790069145.2496994,123,0,0,0
1790069145.4509978,123,0,0,0
1790069145.659363,123,0,0,0
1790069145.860865,123,0,0,0
1790069146.068793,123,0,0,0
1790069146.2704303,123,0,0,0
1790069146.4848773,123,0,0,0
1790069146.6829855,122,0,0,0
1790069146.8898544,123,0,0,0
1790069147.0963914,122,0,0,0
1790069147.3018641,122,0,0,0
1790069147.5047863,122,0,0,0
1790069147.683113,124,0,0,0
1790069148.1169536,122,0,0,0
1790069148.3182304,122,0,0,0
1790069148.5137,122,0,0,0
1790069148.7303662,122,0,0,0
1790069148.9423134,123,0,0,0
1790069149.140787,121,0,0,0
1790069149.3565664,122,0,0,0
1790069149.5635574,122,0,0,0
1790069149.7625065,122,0,0,0
1790069149.9635985,122,0,0,0
1790069150.1743813,122,0,0,0
1790069150.379498,122,0,0,0
1790069150.5807939,121,0,0,0
1790069150.7820983,121,0,0,0
1790069150.9910264,122,0,0,0
1790069151.202967,122,0,0,0
1790069151.4018567,122,0,0,0
1790069151.6035938,121,0,0,0
1790069151.8037999,122,0,0,0
1790069152.0086923,121,0,0,0
1790069152.212737,121,0,0,0
1790069152.4188414,121,0,0,0
1790069152.7001538,122,0,0,0
1790069152.8263245,122,0,0,0
1790069153.0293543,121,0,0,0
1790069153.2423368,121,0,0,0
1790069153.4416,121,0,0,0
1790069153.6497407,121,0,0,0
1790069153.8512151,121,0,0,0
1790069154.0595932,122,0,0,0
1790069154.2610364,122,0,0,0
1790069154.4650652,121,0,0,0
1790069154.668574,121,0,0,0
1790069154.8754723,122,0,0,0
1790069155.0800967,121,0,0,0
1790069155.286176,122,0,0,0
1790069155.502976,122,0,0,0
1790069155.7018993,121,0,0,0
1790069155.8949838,122,0,0,0
1790069156.3127468,122,0,0,0
1790069156.316765,121,0,0,0
1790069156.5155785,120,0,0,0
1790069156.7069383,122,0,0,0
1790069157.1213946,121,0,0,0
1790069157.1285233,120,0,0,0
1790069157.3369052,121,0,0,0
1790069157.5383446,121,0,0,0
1790069157.7327683,120,0,0,0
1790069157.948438,121,0,0,0
1790069158.154332,122,0,0,0
1790069158.3585489,121,0,0,0
1790069158.5599053,121,0,0,0
1790069158.74448,120,0,0,0
1790069158.962414,120,0,0,0
1790069159.1650999,120,0,0,0
1790069159.3717678,119,0,0,0
1790069159.5258102,120,0,0,0
1790069159.7462933,121,0,0,0
1790069159.994983,121,0,0,0
1790069160.2020812,120,0,0,0
1790069160.4043424,121,0,0,0
1790069160.602889,120,0,0,0
1790069160.7596226,120,0,0,0
1790069161.0197268,121,0,0,0
1790069161.2249198,121,0,0,0
1790069161.4266288,121,0,0,0
1790069161.6286907,120,0,0,0
1790069161.753093,119,0,0,0
1790069162.0379176,120,0,0,0
1790069162.2475693,120,0,0,0
1790069162.4518504,120,0,0,0
1790069162.64171,119,0,0,0
1790069162.7639,120,0,0,0
1790069163.06836,121,0,0,0
1790069163.2672715,120,0,0,0
1790069163.4670722,120,0,0,0
1790069163.675634,120,0,0,0
1790069163.7552845,119,0,0,0
1790069164.0880797,120,0,0,0
1790069164.294937,119,0,0,0
1790069164.4995635,119,0,0,0
1790069164.7065687,119,0,0,0
1790069164.7746024,120,0,0,0
1790069165.1134226,120,0,0,0
1790069165.3152838,121,0,0,0
1790069165.5230896,120,0,0,0
1790069165.7289882,121,0,0,0
1790069165.9327602,120,0,0,0
1790069166.1304188,120,0,0,0
1790069166.3433142,121,0,0,0
1790069166.54979,119,0,0,0
1790069166.7578692,118,0,0,0
1790069166.948979,121,0,0,0
1790069167.162228,120,0,0,0
1790069167.3474107,120,0,0,0
1790069167.573526,120,0,0,0
1790069167.7789516,120,0,0,0
1790069167.9821951,120,0,0,0
1790069168.1823556,119,0,0,0
1790069168.3906648,120,0,0,0
1790069168.5919204,118,0,0,0
1790069168.793519,119,0,0,0
1790069168.997399,121,0,0,0
1790069169.210065,120,0,0,0
1790069169.414251,119,0,0,0
1790069169.620775,120,0,0,0
1790069169.8005035,119,0,0,0
1790069170.029667,119,0,0,0
1790069170.231015,119,0,0,0
1790069170.4374878,118,0,0,0
1790069170.644474,119,0,0,0
1790069170.8072445,120,0,0,0
1790069171.0509846,119,0,0,0
1790069171.2565367,121,0,0,0
1790069171.4659216,119,0,0,0
1790069171.6685488,120,0,0,0
1790069171.8070302,119,0,0,0
1790069172.081702,119,0,0,0
1790069172.2834785,120,0,0,0
1790069172.4890184,119,0,0,0
1790069172.6912014,120,0,0,0
1790069172.8224177,120,0,0,0
1790069173.0998309,120,0,0,0
1790069173.3068354,121,0,0,0
1790069173.5082176,120,0,0,0
1790069173.7174535,120,0,0,0
1790069173.8235354,121,0,0,0
1790069174.1258245,121,0,0,0
1790069174.330871,119,0,0,0
1790069174.5356421,120,0,0,0
1790069174.735123,120,0,0,0
1790069174.8272123,121,0,0,0
1790069175.1535268,121,0,0,0
1790069175.3553674,121,0,0,0
1790069175.5565126,120,0,0,0
1790069175.639868,120,0,0,0
1790069175.837032,121,0,0,0
1790069176.1684399,121,0,0,0
1790069176.3714106,120,0,0,0
1790069176.5703473,121,0,0,0
1790069176.7883108,119,0,0,0
1790069176.8419123,121,0,0,0
1790069177.3971395,121,0,0,0
1790069177.4037864,120,0,0,0
1790069177.6054418,120,0,0,0
1790069177.8129823,121,0,0,0
1790069178.0147479,120,0,0,0
1790069178.216579,121,0,0,0
1790069178.424095,120,0,0,0
1790069178.6184173,120,0,0,0
1790069178.8327966,121,0,0,0
1790069179.033786,121,0,0,0
1790069179.2407885,119,0,0,0
1790069179.4500804,120,0,0,0
1790069179.6425655,121,0,0,0
1790069179.8673065,122,0,0,0
1790069179.8673065,121,0,0,0
1790069180.0604546,122,0,0,0
1790069180.2693002,123,0,0,0
1790069180.4777358,122,0,0,0
1790069180.6719844,121,0,0,0
1790069181.0878446,121,0,0,0
1790069181.0878446,122,0,0,0
1790069181.2963274,122,0,0,0
1790069181.699065,121,0,0,0
1790069181.699065,121,0,0,0
1790069182.3172324,122,0,0,0
1790069182.3172324,122,0,0,0
1790069182.510506,122,0,0,0
1790069182.735555,121,0,0,0
1790069182.9502153,122,0,0,0
1790069183.133382,122,0,0,0
1790069183.3407605,122,0,0,0
1790069183.5484452,122,0,0,0
1790069183.755401,121,0,0,0
1790069183.9514177,122,0,0,0
1790069184.166465,121,0,0,0
1790069184.3676353,121,0,0,0
1790069184.5729494,121,0,0,0
1790069184.767602,122,0,0,0
1790069185.1712549,121,0,0,0
1790069185.3808308,122,0,0,0
1790069185.5947993,122,0,0,0
1790069185.7991056,122,0,0,0
1790069186.2081032,122,0,0,0
1790069186.2165008,132,0,0,0
1790069186.4169815,122,0,0,0
1790069186.617683,121,0,0,0
1790069186.8225129,132,0,0,0
1790069187.2308316,131,0,0,0
1790069187.2328267,132,0,0,0
1790069187.437121,131,0,0,0
1790069187.639659,122,0,0,0
1790069187.8488312,122,0,0,0
1790069188.050714,131,0,0,0
1790069188.255993,122,0,0,0
1790069188.463252,121,0,0,0
1790069188.8702054,132,0,0,0
1790069188.8702054,131,0,0,0
1790069189.0753481,122,0,0,0
1790069189.2803504,121,0,0,0
1790069189.4952865,122,0,0,0
1790069189.8888757,122,0,0,0
1790069189.9025466,132,0,0,0
1790069190.097588,132,0,0,0
1790069190.3048089,133,0,0,0
1790069190.5199127,122,0,0,0
1790069190.7223055,132,0,0,0
1790069190.9223447,133,0,0,0
1790069191.1172204,132,0,0,0
1790069191.3255153,132,0,0,0
1790069191.5410802,134,0,0,0
1790069191.7572935,123,0,0,0
1790069191.9776266,122,0,0,0
1790069192.1474414,132,0,0,0
1790069192.359995,133,0,0,0
1790069192.5621607,132,0,0,0
1790069192.7616694,132,0,0,0
1790069192.975306,132,0,0,0
1790069193.1809583,132,0,0,0
1790069193.373436,133,0,0,0
1790069193.5816276,132,0,0,0
1790069193.7970662,132,0,0,0
1790069193.9928925,132,0,0,0
1790069194.1981082,132,0,0,0
1790069194.3938193,132,0,0,0
1790069194.6172285,131,0,0,0
1790069194.8225005,132,0,0,0
1790069195.0213552,132,0,0,0
1790069195.2190988,132,0,0,0
1790069195.4256897,133,0,0,0
1790069195.618679,132,0,0,0
1790069195.827502,132,0,0,0
1790069196.0190146,132,0,0,0
1790069196.2292514,133,0,0,0
1790069196.438171,133,0,0,0
1790069196.6628573,132,0,0,0
1790069196.85919,132,0,0,0
1790069197.0312161,133,0,0,0
1790069197.255348,132,0,0,0
1790069197.4782848,133,0,0,0
1790069197.6696503,132,0,0,0
1790069197.8774676,132,0,0,0
1790069198.0363095,132,0,0,0
1790069198.2912953,133,0,0,0
1790069198.497777,132,0,0,0
1790069198.6912203,132,0,0,0
1790069198.9124749,132,0,0,0
1790069199.0304906,132,0,0,0
1790069199.3154845,134,0,0,0
1790069199.5194364,134,0,0,0
1790069199.7187743,133,0,0,0
1790069199.9256868,134,0,0,0
1790069200.0542595,132,0,0,0
1790069200.3408563,134,0,0,0
1790069200.546128,133,0,0,0
1790069200.7460194,132,0,0,0
1790069200.9611335,133,0,0,0
1790069201.1599479,134,0,0,0
1790069201.35982,132,0,0,0
1790069201.5688348,133,0,0,0
1790069201.775548,132,0,0,0
1790069201.9777796,133,0,0,0
1790069202.1855721,133,0,0,0
1790069202.3867302,133,0,0,0
1790069202.5952475,132,0,0,0
1790069202.801183,134,0,0,0
1790069203.004393,134,0,0,0
1790069203.4140103,134,0,0,0
1790069203.4208767,133,0,0,0
1790069203.615756,134,0,0,0
1790069203.8168406,133,0,0,0
1790069204.0297909,133,0,0,0
1790069204.2322235,132,0,0,0
1790069204.4307053,133,0,0,0
1790069204.6425385,133,0,0,0
1790069204.8439515,133,0,0,0
1790069205.03246,132,0,0,0
1790069205.2541203,133,0,0,0
1790069205.4570715,133,0,0,0
1790069205.6650748,133,0,0,0
1790069205.8791122,133,0,0,0
1790069206.0458465,134,0,0,0
1790069206.2765174,133,0,0,0
1790069206.4698417,134,0,0,0
1790069206.677409,132,0,0,0
1790069206.8874521,133,0,0,0
1790069207.0485265,134,0,0,0
1790069207.2886024,134,0,0,0
1790069207.4978833,133,0,0,0
1790069207.7075386,133,0,0,0
1790069207.8200533,134,0,0,0
1790069208.060307,134,0,0,0
1790069208.3218412,133,0,0,0
1790069208.5266862,134,0,0,0
1790069208.735876,134,0,0,0
1790069208.9348836,135,0,0,0
1790069209.1114345,134,0,0,0
1790069209.3440952,133,0,0,0
1790069209.5453668,134,0,0,0
1790069209.755237,134,0,0,0
1790069209.9637494,133,0,0,0
1790069210.1289108,135,0,0,0
1790069210.3626795,135,0,0,0
1790069210.5760217,135,0,0,0
1790069210.780206,135,0,0,0
1790069210.7958739,134,0,0,0
1790069210.989127,135,0,0,0
1790069211.1982982,134,0,0,0
1790069211.3909645,134,0,0,0
1790069211.6149998,135,0,0,0
1790069211.806092,135,0,0,0
1790069212.0129995,134,0,0,0
1790069212.2201462,136,0,0,0
1790069212.4133565,135,0,0,0
1790069212.6380806,135,0,0,0
1790069212.8319774,135,0,0,0
1790069213.04057,135,0,0,0
1790069213.2341802,136,0,0,0
1790069213.4416559,136,0,0,0
1790069213.6520846,136,0,0,0
1790069213.8508606,136,0,0,0
1790069214.0606039,135,0,0,0
1790069214.2654839,136,0,0,0
1790069214.4655015,135,0,0,0
1790069214.6724987,135,0,0,0
1790069214.8782966,135,0,0,0
1790069215.0714538,136,0,0,0
1790069215.2793481,135,0,0,0
1790069215.4861639,136,0,0,0
1790069215.6926386,136,0,0,0
1790069215.8997123,135,0,0,0
1790069216.1090124,136,0,0,0
1790069216.3169749,136,0,0,0
1790069216.5103405,136,0,0,0
1790069216.7191815,136,0,0,0
1790069216.9308786,136,0,0,0
1790069217.1332667,136,0,0,0
1790069217.3253806,135,0,0,0
1790069217.5353131,134,0,0,0
1790069217.7449093,136,0,0,0
1790069217.9539373,134,0,0,0
1790069218.1481366,136,0,0,0
1790069218.3562496,137,0,0,0
1790069218.548456,136,0,0,0
1790069218.7585526,136,0,0,0
1790069218.9681175,136,0,0,0
1790069219.1781955,136,0,0,0
1790069219.5886078,136,0,0,0
1790069219.5931113,136,0,0,0
1790069219.801045,135,0,0,0
1790069219.9957964,136,0,0,0
1790069220.2079706,136,0,0,0
1790069220.418543,136,0,0,0
1790069220.6110675,136,0,0,0
1790069220.8183708,136,0,0,0
1790069221.222105,136,0,0,0
1790069221.4308288,136,0,0,0
1790069221.6394694,136,0,0,0
1790069221.829615,136,0,0,0
1790069222.0370772,136,0,0,0
1790069222.2611778,136,0,0,0
1790069222.4550383,136,0,0,0
1790069222.6488242,136,0,0,0
1790069222.8573701,136,0,0,0
1790069223.082846,136,0,0,0
1790069223.2598324,136,0,0,0
1790069223.4690971,137,0,0,0
1790069223.6933212,136,0,0,0
1790069223.8375084,136,0,0,0
1790069224.0945435,137,0,0,0
1790069224.2710006,137,0,0,0
1790069224.4968333,136,0,0,0
1790069224.7097442,136,0,0,0
1790069224.9132805,136,0,0,0
1790069225.2959902,137,0,0,0
1790069225.2959902,137,0,0,0
1790069225.5209212,136,0,0,0
1790069225.729841,136,0,0,0
1790069225.9375415,135,0,0,0
1790069226.1451287,135,0,0,0
1790069226.2901423,136,0,0,0
1790069226.4499784,136,0,0,0
1790069226.7555044,136,0,0,0
1790069226.9489632,136,0,0,0
1790069227.1573274,136,0,0,0
1790069227.3008842,136,0,0,0
1790069227.5720224,136,0,0,0
1790069227.781506,135,0,0,0
1790069227.974817,136,0,0,0
1790069228.1828961,136,0,0,0
1790069228.3234298,137,0,0,0
1790069228.6023602,137,0,0,0
1790069228.808866,136,0,0,0
1790069229.0147388,138,0,0,0
1790069229.2156212,137,0,0,0
1790069229.4186864,137,0,0,0
1790069229.6252842,136,0,0,0
1790069229.821793,137,0,0,0
1790069230.0328078,138,0,0,0
1790069230.2293153,136,0,0,0
1790069230.3373644,137,0,0,0
1790069230.6431649,136,0,0,0
1790069230.852028,138,0,0,0
1790069231.0443969,137,0,0,0
1790069231.2491403,137,0,0,0
1790069231.4563713,137,0,0,0
1790069231.6646779,137,0,0,0
1790069231.873894,136,0,0,0
1790069232.0826352,138,0,0,0
1790069232.2764075,138,0,0,0
1790069232.4850368,135,0,0,0
1790069232.9026058,139,0,0,0
1790069232.9026058,137,0,0,0
1790069233.0945966,136,0,0,0
1790069233.3030076,138,0,0,0
1790069233.5120733,137,0,0,0
1790069233.719022,139,0,0,0
1790069233.9256434,138,0,0,0
1790069234.1311653,137,0,0,0
1790069234.3356364,136,0,0,0
1790069234.5371008,137,0,0,0
1790069234.7382042,136,0,0,0
1790069234.9483912,137,0,0,0
1790069235.156055,138,0,0,0
1790069235.3500202,137,0,0,0
1790069235.5590959,137,0,0,0
1790069235.7647223,137,0,0,0
1790069235.9744167,136,0,0,0
1790069236.1799603,136,0,0,0
1790069236.3919451,137,0,0,0
1790069236.5897431,138,0,0,0
1790069236.7928722,137,0,0,0
1790069236.9993217,137,0,0,0
1790069237.2020636,138,0,0,0
1790069237.3824394,137,0,0,0
1790069237.6123693,137,0,0,0
1790069237.803922,137,0,0,0
1790069238.0285873,138,0,0,0
1790069238.2303207,138,0,0,0
1790069238.3820798,136,0,0,0
1790069238.6326244,138,0,0,0
1790069238.8414958,137,0,0,0
1790069239.0331585,137,0,0,0
1790069239.2425506,138,0,0,0
1790069239.381567,137,0,0,0
1790069239.6559246,137,0,0,0
1790069239.8369079,138,0,0,0
1790069240.0691354,137,0,0,0
1790069240.2715328,137,0,0,0
1790069240.3966107,138,0,0,0
1790069240.6831384,138,0,0,0
1790069240.8867857,139,0,0,0
1790069241.0930438,137,0,0,0
1790069241.2931817,137,0,0,0
1790069241.4048312,138,0,0,0
1790069241.7058825,136,0,0,0
1790069241.911171,138,0,0,0
1790069242.117165,136,0,0,0
1790069242.3260615,137,0,0,0
1790069242.4021406,135,0,0,0
1790069242.7288628,137,0,0,0
1790069242.9260902,137,0,0,0
1790069243.1296668,137,0,0,0
1790069243.3339698,136,0,0,0
1790069243.4226773,137,0,0,0
1790069243.7492504,137,0,0,0
1790069243.956539,138,0,0,0
1790069244.155939,138,0,0,0
1790069244.3542025,137,0,0,0
1790069244.4233878,137,0,0,0
1790069244.7773035,139,0,0,0
1790069244.984378,137,0,0,0
1790069245.18817,136,0,0,0
1790069245.393073,137,0,0,0
1790069245.4124897,137,0,0,0
1790069245.7953572,137,0,0,0
1790069246.00178,137,0,0,0
1790069246.2102501,138,0,0,0
1790069246.4038687,138,0,0,0
1790069246.6126165,138,0,0,0
1790069246.8228784,138,0,0,0
1790069246.8389637,139,0,0,0
1790069247.2355938,136,0,0,0
1790069247.431551,139,0,0,0
1790069247.6446676,137,0,0,0
1790069247.6580296,138,0,0,0
1790069248.0449429,137,0,0,0
1790069248.259688,138,0,0,0
1790069248.4378927,138,0,0,0
1790069248.6719725,138,0,0,0
1790069248.6822848,138,0,0,0
1790069248.880373,138,0,0,0
1790069249.0886514,138,0,0,0
1790069249.2903037,137,0,0,0
1790069249.6903572,138,0,0,0
1790069249.6903572,137,0,0,0
1790069249.8999212,137,0,0,0
1790069250.103256,139,0,0,0
1790069250.3100574,138,0,0,0
1790069250.5226157,137,0,0,0
1790069250.7207813,138,0,0,0
1790069250.9158711,138,0,0,0
1790069251.1252813,138,0,0,0
1790069251.3266788,138,0,0,0
1790069251.5382245,137,0,0,0
1790069251.9467266,136,0,0,0
1790069252.1628814,137,0,0,0
1790069252.3574731,137,0,0,0
1790069252.561343,136,0,0,0
1790069252.7541237,137,0,0,0
1790069252.9618955,137,0,0,0
1790069253.172151,137,0,0,0
1790069253.3828366,138,0,0,0
1790069253.5843554,139,0,0,0
1790069253.7767687,136,0,0,0
1790069253.995798,137,0,0,0
1790069254.1929338,137,0,0,0
1790069254.4071186,137,0,0,0
1790069254.6080387,136,0,0,0
1790069254.813891,137,0,0,0
1790069255.0218613,138,0,0,0
1790069255.4226556,138,0,0,0
1790069255.4226556,139,0,0,0
1790069255.630841,136,0,0,0
1790069255.841321,136,0,0,0
1790069256.0364213,137,0,0,0
1790069256.2589765,138,0,0,0
1790069256.4544055,137,0,0,0
1790069256.6482012,137,0,0,0
1790069256.8520076,137,0,0,0
1790069257.0615046,137,0,0,0
1790069257.284169,136,0,0,0
1790069257.47651,138,0,0,0
1790069257.680107,137,0,0,0
1790069258.0827127,137,0,0,0
1790069258.0827127,137,0,0,0
1790069258.288159,137,0,0,0
1790069258.4919713,137,0,0,0
1790069258.7010503,137,0,0,0
1790069258.9125087,136,0,0,0
1790069259.121334,136,0,0,0
1790069259.318217,137,0,0,0
1790069259.5238304,136,0,0,0
1790069259.7403414,138,0,0,0
1790069259.9357355,137,0,0,0
1790069260.142551,136,0,0,0
1790069260.3473074,135,0,0,0
1790069260.5521674,137,0,0,0
1790069260.7642324,138,0,0,0
1790069260.9506168,136,0,0,0
1790069261.1602755,136,0,0,0
1790069261.3722293,137,0,0,0
1790069261.5593987,137,0,0,0
1790069261.7689466,137,0,0,0
1790069261.979203,137,0,0,0
1790069262.1999283,138,0,0,0
1790069262.3979251,138,0,0,0
1790069262.5596237,138,0,0,0
1790069262.7930057,138,0,0,0
1790069263.0043352,137,0,0,0
1790069263.2211814,139,0,0,0
1790069263.4217253,138,0,0,0
1790069263.551248,137,0,0,0
1790069263.8094406,138,0,0,0
1790069264.0357504,138,0,0,0
1790069264.2436557,138,0,0,0
1790069264.4388728,138,0,0,0
1790069264.6320364,137,0,0,0
1790069264.8563027,137,0,0,0
1790069265.0490448,138,0,0,0
1790069265.2605991,137,0,0,0
1790069265.5665064,138,0,0,0
1790069265.6620042,138,0,0,0
1790069265.882263,137,0,0,0
1790069266.0753753,136,0,0,0
1790069266.2838497,138,0,0,0
1790069266.5773828,138,0,0,0
1790069266.690064,138,0,0,0
1790069267.1026835,137,0,0,0
1790069267.1026835,136,0,0,0
1790069267.298974,138,0,0,0
1790069267.5027637,137,0,0,0
1790069267.7087908,137,0,0,0
1790069267.9189608,138,0,0,0
1790069268.1133025,138,0,0,0
1790069268.53304,138,0,0,0
1790069268.74264,138,0,0,0
1790069268.9421868,138,0,0,0
1790069269.15185,136,0,0,0
1790069269.3468695,138,0,0,0
1790069269.5495687,137,0,0,0
1790069269.7644336,138,0,0,0
1790069269.9592268,138,0,0,0
1790069270.1627681,137,0,0,0
1790069270.378214,138,0,0,0
1790069270.580144,139,0,0,0
1790069270.774807,137,0,0,0
1790069270.9843144,137,0,0,0
1790069271.1883893,139,0,0,0
1790069271.393799,138,0,0,0
1790069271.6057758,138,0,0,0
1790069271.8066895,139,0,0,0
1790069271.9132707,139,0,0,0
1790069272.2222629,138,0,0,0
1790069272.4242368,139,0,0,0
1790069272.6311257,138,0,0,0
1790069272.8306656,139,0,0,0
1790069273.0397608,138,0,0,0
1790069273.2471006,139,0,0,0
1790069273.4441478,139,0,0,0
1790069273.6517115,139,0,0,0
1790069273.8564615,140,0,0,0
1790069274.0594826,139,0,0,0
1790069274.2683206,138,0,0,0
1790069274.4753337,137,0,0,0
1790069274.6670966,139,0,0,0
1790069274.8770437,139,0,0,0
1790069275.085695,138,0,0,0
1790069275.2928925,138,0,0,0
1790069275.4977844,140,0,0,0
1790069275.6888406,140,0,0,0
1790069275.901711,140,0,0,0
1790069276.1098094,139,0,0,0
1790069276.3148007,139,0,0,0
1790069276.51868,139,0,0,0
1790069276.6960084,139,0,0,0
1790069276.9256566,139,0,0,0
1790069277.13536,139,0,0,0
1790069277.3401988,139,0,0,0
1790069277.5321214,138,0,0,0
1790069277.7088501,138,0,0,0
1790069277.9543421,139,0,0,0
1790069278.1478384,137,0,0,0
1790069278.3617153,139,0,0,0
1790069278.5689797,140,0,0,0
1790069278.7150035,139,0,0,0
1790069278.9800143,139,0,0,0
1790069279.1795907,140,0,0,0
1790069279.3846,139,0,0,0
1790069279.40065,139,0,0,0
1790069279.5927196,140,0,0,0
1790069279.7908285,139,0,0,0
1790069280.0002873,139,0,0,0
1790069280.208572,138,0,0,0
1790069280.4082403,139,0,0,0
1790069280.6196136,140,0,0,0
1790069281.0263,140,0,0,0
1790069281.0302548,140,0,0,0
1790069281.2203026,139,0,0,0
1790069281.4341283,139,0,0,0
1790069281.6424453,140,0,0,0
1790069281.842869,140,0,0,0
1790069282.043153,149,0,0,0
1790069282.2508929,614,0,0,0
1790069282.459157,949,0,0,0
1790069282.652981,1042,0,0,0
1790069282.8836923,1104,0,0,0
1790069283.074839,918,0,0,0
1790069283.2743285,1332,0,0,0
1790069283.4775653,1691,0,0,0
1790069283.7019763,2088,0,0,0
1790069283.8950357,2156,0,0,0
1790069284.1029406,2197,0,0,0
1790069284.291986,2197,0,0,0
1790069284.4986532,2453,0,0,0
1790069284.7233708,2518,0,0,0
1790069284.9066837,2546,0,0,0
1790069285.1310656,2586,0,0,0
1790069285.328259,2645,0,0,0
1790069285.5294764,2710,0,0,0
1790069285.7403672,2727,0,0,0
1790069286.1385283,2757,0,0,0
1790069286.3616133,2940,0,0,0
1790069286.5496109,3031,0,0,0
1790069286.710527,3150,0,0,0
1790069286.9422328,3311,0,0,0
1790069287.1649685,3494,0,0,0
1790069287.3769639,3664,0,0,0
1790069287.5838695,3801,0,0,0
1790069287.782361,3950,0,0,0
1790069287.9762025,4033,0,0,0
1790069288.1842926,4093,0,0,0
1790069288.40111,4271,0,0,0
1790069288.6200438,2269,0,0,0
1790069288.7564483,1473,0,0,0
1790069289.0129173,936,0,0,0
1790069289.2153635,943,0,0,0
1790069289.4255176,946,0,0,0
1790069289.6294644,942,0,0,0
1790069289.786634,941,0,0,0
1790069290.0409324,942,0,0,0
1790069290.213382,941,0,0,0
1790069290.4428818,940,0,0,0
1790069290.6455169,937,0,0,0
1790069290.8182821,942,0,0,0
1790069291.0598466,949,0,0,0
1790069291.2630854,953,0,0,0
1790069291.4726946,947,0,0,0
1790069291.665271,937,0,0,0
1790069291.8276064,271,0,0,0
1790069292.0856283,227,0,0,0
1790069292.2982566,245,0,0,0
1790069292.490865,233,0,0,0
1790069292.697944,230,0,0,0
1790069292.840428,225,0,0,0
1790069293.113789,229,0,0,0
1790069293.312809,235,0,0,0
1790069293.5201101,233,0,0,0
1790069293.7259653,228,0,0,0
1790069293.8563626,228,0,0,0
1790069294.1277702,224,0,0,0
1790069294.3348196,223,0,0,0
1790069294.5378845,224,0,0,0
1790069294.7494378,222,0,0,0
1790069294.8411915,223,0,0,0
1790069295.1551712,221,0,0,0
1790069295.351852,222,0,0,0
1790069295.5678103,223,0,0,0
1790069295.7632308,222,0,0,0
1790069295.874762,219,0,0,0
1790069296.1750393,220,0,0,0
1790069296.3923688,220,0,0,0
1790069296.5810432,221,0,0,0
1790069296.7949293,218,0,0,0
1790069296.9013352,219,0,0,0
1790069297.2053466,221,0,0,0
1790069297.4032545,230,0,0,0
1790069297.603888,219,0,0,0
1790069297.8112776,220,0,0,0
1790069297.8913975,220,0,0,0
1790069298.2256188,222,0,0,0
1790069298.4235666,231,0,0,0
1790069298.6271403,232,0,0,0
1790069298.8344336,228,0,0,0
1790069298.9153876,229,0,0,0
1790069299.2550933,231,0,0,0
1790069299.4552126,233,0,0,0
1790069299.6656337,241,0,0,0
1790069299.8684556,239,0,0,0
1790069300.0651586,239,0,0,0
1790069300.2796717,235,0,0,0
1790069300.472766,236,0,0,0
1790069300.6821682,238,0,0,0
1790069300.8900743,237,0,0,0
1790069301.0977228,233,0,0,0
1790069301.293761,228,0,0,0
1790069301.5039456,230,0,0,0
1790069301.712138,229,0,0,0
1790069301.9261458,227,0,0,0
1790069302.118107,228,0,0,0
1790069302.3277993,229,0,0,0
1790069302.5288932,228,0,0,0
1790069302.7334125,231,0,0,0
1790069302.929591,233,0,0,0
1790069303.1424842,232,0,0,0
1790069303.343171,230,0,0,0
1790069303.5491776,231,0,0,0
1790069303.7609446,231,0,0,0
1790069303.934012,234,0,0,0
1790069304.0127392,232,0,0,0
1790069304.3741066,232,0,0,0
1790069304.578433,230,0,0,0
1790069304.7697332,232,0,0,0
1790069304.958124,230,0,0,0
1790069305.186025,229,0,0,0
1790069305.3974762,230,0,0,0
1790069305.6033378,230,0,0,0
1790069305.7941225,228,0,0,0
1790069305.9560223,231,0,0,0
1790069306.2175295,231,0,0,0
1790069306.4233994,227,0,0,0
1790069306.6267881,229,0,0,0
1790069306.8319938,228,0,0,0
1790069306.958009,232,0,0,0
1790069307.240265,232,0,0,0
1790069307.448431,231,0,0,0
1790069307.6498108,231,0,0,0
1790069307.858499,228,0,0,0
1790069307.9731667,227,0,0,0
1790069308.2610228,228,0,0,0
1790069308.467999,230,0,0,0
1790069308.6743455,235,0,0,0
1790069308.8657482,232,0,0,0
1790069308.978451,235,0,0,0
1790069309.290227,231,0,0,0
1790069309.4962852,231,0,0,0
1790069309.6990469,229,0,0,0
1790069309.904245,231,0,0,0
1790069309.9985454,236,0,0,0
1790069310.2992094,235,0,0,0
1790069310.5220425,234,0,0,0
1790069310.7197142,234,0,0,0
1790069310.9274766,235,0,0,0
1790069310.976393,235,0,0,0
1790069311.3365376,235,0,0,0
1790069311.5307777,237,0,0,0
1790069311.747495,236,0,0,0
1790069311.941258,234,0,0,0
1790069312.0215092,235,0,0,0
1790069312.361322,234,0,0,0
1790069312.561528,234,0,0,0
1790069312.768886,232,0,0,0
1790069312.9692557,232,0,0,0
1790069313.0323348,234,0,0,0
1790069313.3812199,228,0,0,0
1790069313.5849519,226,0,0,0
1790069313.7836454,228,0,0,0
1790069313.9979382,229,0,0,0
1790069314.0303702,230,0,0,0
1790069314.4051485,227,0,0,0
1790069314.608725,227,0,0,0
1790069314.8177624,230,0,0,0
1790069315.0087278,230,0,0,0
1790069315.0322602,228,0,0,0
1790069315.2408557,229,0,0,0
1790069315.438105,227,0,0,0
1790069315.8406801,229,0,0,0
1790069315.8501673,230,0,0,0
1790069316.0590875,231,0,0,0
1790069316.2537045,228,0,0,0
1790069316.45441,226,0,0,0
1790069316.6659029,228,0,0,0
1790069316.8689413,230,0,0,0
1790069317.060621,233,0,0,0
1790069317.279965,229,0,0,0
1790069317.6799226,231,0,0,0
1790069317.6799226,231,0,0,0
1790069317.8868468,235,0,0,0
1790069318.0965543,231,0,0,0
1790069318.2961562,234,0,0,0
1790069318.504288,232,0,0,0
1790069318.7102482,230,0,0,0
1790069318.918844,230,0,0,0
1790069319.0804873,229,0,0,0
1790069319.3243072,226,0,0,0
1790069319.517511,223,0,0,0
1790069319.7324743,223,0,0,0
1790069319.9361773,229,0,0,0
1790069320.1528318,228,0,0,0
1790069320.3410532,229,0,0,0
1790069320.5485556,228,0,0,0
1790069320.7548335,230,0,0,0
1790069320.9727492,228,0,0,0
1790069321.169051,228,0,0,0
1790069321.3798637,229,0,0,0
1790069321.5734136,228,0,0,0
1790069321.789311,227,0,0,0
1790069321.9804957,221,0,0,0
1790069322.1899688,225,0,0,0
1790069322.3832407,225,0,0,0
1790069322.5986285,227,0,0,0
1790069322.8043156,231,0,0,0
1790069323.010653,231,0,0,0
1790069323.2074842,233,0,0,0
1790069323.416212,231,0,0,0
1790069323.626327,230,0,0,0
1790069323.8211668,232,0,0,0
1790069324.024957,230,0,0,0
1790069324.2311592,227,0,0,0
1790069324.4413805,230,0,0,0
1790069324.6439633,227,0,0,0
1790069324.852874,228,0,0,0
1790069325.0313826,227,0,0,0
1790069325.2458508,228,0,0,0
1790069325.4535158,227,0,0,0
1790069325.667291,223,0,0,0
1790069325.8762083,224,0,0,0
1790069326.0458584,229,0,0,0
1790069326.2750216,231,0,0,0
1790069326.4812837,232,0,0,0
1790069326.6970916,231,0,0,0
1790069326.9027216,228,0,0,0
1790069327.0498385,230,0,0,0
1790069327.3068025,227,0,0,0
1790069327.5158534,226,0,0,0
1790069327.7172265,225,0,0,0
1790069327.9253852,226,0,0,0
1790069328.053901,231,0,0,0
1790069328.334403,230,0,0,0
1790069328.5388067,227,0,0,0
1790069328.7452083,228,0,0,0
1790069328.9375062,231,0,0,0
1790069329.1368394,229,0,0,0
1790069329.353361,226,0,0,0
1790069329.5616674,229,0,0,0
1790069329.769198,225,0,0,0
1790069329.9629989,224,0,0,0
1790069330.1413336,222,0,0,0
1790069330.3794856,224,0,0,0
1790069330.586549,227,0,0,0
1790069330.7937205,230,0,0,0
1790069330.9857192,228,0,0,0
1790069331.1445477,225,0,0,0
1790069331.3997083,223,0,0,0
1790069331.6086748,223,0,0,0
1790069331.817924,222,0,0,0
1790069332.0244622,223,0,0,0
1790069332.1529849,223,0,0,0
1790069332.4249558,224,0,0,0
1790069332.6350288,225,0,0,0
1790069332.8386374,227,0,0,0
1790069333.045791,227,0,0,0
1790069333.1578467,223,0,0,0
1790069333.4529676,220,0,0,0
1790069333.6537712,222,0,0,0
1790069333.863978,221,0,0,0
1790069334.0572553,226,0,0,0
1790069334.1669896,228,0,0,0
1790069334.46985,226,0,0,0
1790069334.6770847,227,0,0,0
1790069334.8859215,226,0,0,0
1790069334.889429,227,0,0,0
1790069335.0941296,225,0,0,0
1790069335.285551,221,0,0,0
1790069335.7062747,218,0,0,0
1790069335.7202568,223,0,0,0
1790069335.9126937,225,0,0,0
1790069336.1212165,227,0,0,0
1790069336.3149226,225,0,0,0
1790069336.5233188,228,0,0,0
1790069336.731623,227,0,0,0
1790069336.9402235,224,0,0,0
1790069337.1394145,223,0,0,0
1790069337.3469136,222,0,0,0
1790069337.5623415,224,0,0,0
1790069337.7570233,228,0,0,0
1790069337.9495053,229,0,0,0
1790069338.172065,228,0,0,0
1790069338.3726027,227,0,0,0
1790069338.573236,227,0,0,0
1790069338.779447,222,0,0,0
1790069338.9883974,226,0,0,0
1790069339.1961129,223,0,0,0
1790069339.3882859,219,0,0,0
1790069339.598011,219,0,0,0
1790069339.8056052,219,0,0,0
1790069340.0189047,216,0,0,0
1790069340.208925,221,0,0,0
1790069340.415982,220,0,0,0
1790069340.6084316,220,0,0,0
1790069340.8159256,218,0,0,0
1790069341.0236742,220,0,0,0
1790069341.2327092,228,0,0,0
1790069341.4405308,220,0,0,0
1790069341.6461203,219,0,0,0
1790069341.847512,221,0,0,0
1790069342.0490935,224,0,0,0
1790069342.2474535,225,0,0,0
1790069342.455437,226,0,0,0
1790069342.6643445,226,0,0,0
1790069342.8730211,225,0,0,0
1790069343.0812142,224,0,0,0
1790069343.2720838,236,0,0,0
1790069343.480133,223,0,0,0
1790069343.6862216,224,0,0,0
1790069343.8963318,220,0,0,0
1790069344.1017685,219,0,0,0
1790069344.2613013,219,0,0,0
1790069344.5025146,219,0,0,0
1790069344.711062,220,0,0,0
1790069344.9193058,221,0,0,0
1790069345.128058,229,0,0,0
1790069345.2721405,218,0,0,0
1790069345.5284507,218,0,0,0
1790069345.7377737,220,0,0,0
1790069345.9454932,234,0,0,0
1790069346.1377976,224,0,0,0
1790069346.283203,234,0,0,0
1790069346.553076,230,0,0,0
1790069346.7602172,228,0,0,0
1790069346.9350712,215,0,0,0
1790069347.1745174,228,0,0,0
1790069347.2860086,226,0,0,0
1790069347.5734222,226,0,0,0
1790069347.798328,226,0,0,0
1790069347.989765,227,0,0,0
1790069348.1971767,231,0,0,0
1790069348.3143466,233,0,0,0
1790069348.6094263,233,0,0,0
1790069348.8153598,233,0,0,0
1790069349.015824,231,0,0,0
1790069349.22,232,0,0,0
1790069349.316896,231,0,0,0
1790069349.6347384,230,0,0,0
1790069349.8270524,229,0,0,0
1790069350.0355031,226,0,0,0
1790069350.2418263,230,0,0,0
1790069350.3208048,234,0,0,0
1790069350.6560802,233,0,0,0
1790069350.8645082,230,0,0,0
1790069351.0556169,228,0,0,0
1790069351.2662437,227,0,0,0
1790069351.4717236,226,0,0,0
1790069351.6805766,226,0,0,0
1790069351.8759773,229,0,0,0
1790069352.082625,226,0,0,0
1790069352.146835,231,0,0,0
1790069352.3395917,233,0,0,0
1790069352.706966,234,0,0,0
1790069352.8989203,231,0,0,0
1790069353.1067262,231,0,0,0
1790069353.3155951,231,0,0,0
1790069353.5244043,231,0,0,0
1790069353.7266903,228,0,0,0
1790069353.9348657,223,0,0,0
1790069354.1377292,224,0,0,0
1790069354.3526134,226,0,0,0
1790069354.5448563,225,0,0,0
1790069354.7516813,225,0,0,0
1790069354.9577339,224,0,0,0
1790069355.163929,227,0,0,0
1790069355.2952545,225,0,0,0
1790069355.5731575,225,0,0,0
1790069355.7642715,226,0,0,0
1790069355.9744449,227,0,0,0
1790069355.9903216,229,0,0,0
1790069356.1990175,231,0,0,0
1790069356.3943331,229,0,0,0
1790069356.5839117,227,0,0,0
1790069356.7912405,227,0,0,0
1790069357.0202608,228,0,0,0
1790069357.2206025,232,0,0,0
1790069357.4211926,230,0,0,0
1790069357.8272293,231,0,0,0
1790069357.8417192,230,0,0,0
1790069358.0329614,229,0,0,0
1790069358.2338693,228,0,0,0
1790069358.4422894,225,0,0,0
1790069358.6440954,225,0,0,0
1790069358.851956,224,0,0,0
1790069359.0555978,225,0,0,0
1790069359.2560515,223,0,0,0
1790069359.456036,226,0,0,0
1790069359.6698291,227,0,0,0
1790069359.8597682,231,0,0,0
1790069360.080692,230,0,0,0
1790069360.2970173,227,0,0,0
1790069360.4962656,221,0,0,0
1790069360.6985526,224,0,0,0
1790069360.8933265,220,0,0,0
1790069361.0957956,220,0,0,0
1790069361.305261,224,0,0,0
1790069361.5082688,226,0,0,0
1790069361.7195556,222,0,0,0
1790069361.9160464,224,0,0,0
1790069362.135088,227,0,0,0
1790069362.3370855,228,0,0,0
1790069362.5377429,233,0,0,0
1790069362.7466235,226,0,0,0
1790069362.9399803,228,0,0,0
1790069363.1471334,229,0,0,0
1790069363.3548014,226,0,0,0
1790069363.546496,229,0,0,0
1790069363.765812,228,0,0,0
1790069363.9697194,223,0,0,0
1790069364.1766412,221,0,0,0
1790069364.380817,222,0,0,0
1790069364.5801206,222,0,0,0
1790069364.7884877,221,0,0,0
1790069364.9898841,222,0,0,0
1790069365.201218,223,0,0,0
1790069365.4053273,221,0,0,0
1790069365.6079524,222,0,0,0
1790069365.8099027,221,0,0,0
1790069366.018068,221,0,0,0
1790069366.2188222,220,0,0,0
1790069366.4064193,220,0,0,0
1790069366.6354506,221,0,0,0
1790069366.8392496,226,0,0,0
1790069367.0386531,228,0,0,0
1790069367.2475736,230,0,0,0
1790069367.4119997,227,0,0,0
1790069367.6560457,228,0,0,0
1790069367.8574965,228,0,0,0
1790069368.0657544,228,0,0,0
1790069368.245501,228,0,0,0
1790069368.4131665,223,0,0,0
1790069368.677758,224,0,0,0
1790069368.8851752,222,0,0,0
1790069369.0865164,221,0,0,0
1790069369.2948756,223,0,0,0
1790069369.427177,222,0,0,0
1790069369.704414,224,0,0,0
1790069369.9059765,225,0,0,0
1790069370.1157267,230,0,0,0
1790069370.3156998,228,0,0,0
1790069370.4337025,229,0,0,0
1790069370.7251425,228,0,0,0
1790069370.9329677,226,0,0,0
1790069371.137296,227,0,0,0
1790069371.343214,229,0,0,0
1790069371.439452,223,0,0,0
1790069371.7519946,221,0,0,0
1790069371.954754,220,0,0,0
1790069372.161483,223,0,0,0
1790069372.3645928,225,0,0,0
1790069372.5701566,224,0,0,0
1790069372.7740014,224,0,0,0
1790069372.980854,223,0,0,0
1790069373.183474,226,0,0,0
1790069373.391931,226,0,0,0
1790069373.593065,225,0,0,0
1790069373.8003604,222,0,0,0
1790069374.0027025,222,0,0,0
1790069374.210016,220,0,0,0
1790069374.412724,220,0,0,0
1790069374.6194468,221,0,0,0
1790069374.8232236,224,0,0,0
1790069375.030479,223,0,0,0
1790069375.2322724,224,0,0,0
1790069375.4387403,223,0,0,0
1790069375.6422963,222,0,0,0
1790069375.8486981,219,0,0,0
1790069376.051602,221,0,0,0
1790069376.253758,223,0,0,0
1790069376.4545074,221,0,0,0
1790069376.662679,223,0,0,0
1790069376.8708005,222,0,0,0
1790069376.9544673,220,0,0,0
1790069377.2809558,222,0,0,0
1790069377.3007898,227,0,0,0
1790069377.6929798,227,0,0,0
1790069377.891821,225,0,0,0
1790069378.10002,225,0,0,0
1790069378.3089705,220,0,0,0
1790069378.4615626,217,0,0,0
1790069378.7115684,221,0,0,0
1790069378.919113,220,0,0,0
1790069379.1203825,215,0,0,0
1790069379.1276345,219,0,0,0
1790069379.3363743,215,0,0,0
1790069379.537135,217,0,0,0
1790069379.7393,220,0,0,0
1790069379.9474719,219,0,0,0
1790069380.1549788,219,0,0,0
1790069380.3567765,221,0,0,0
1790069380.5585709,221,0,0,0
1790069380.76443,219,0,0,0
1790069380.9678254,216,0,0,0
1790069381.1817932,219,0,0,0
1790069381.3777783,218,0,0,0
1790069381.5853877,219,0,0,0
1790069381.7941535,220,0,0,0
1790069381.988918,219,0,0,0
1790069382.1974432,226,0,0,0
1790069382.3990045,223,0,0,0
1790069382.6063159,223,0,0,0
1790069382.8139958,223,0,0,0
1790069383.0163941,220,0,0,0
1790069383.2171142,222,0,0,0
1790069383.4261909,222,0,0,0
1790069383.8335114,220,0,0,0
1790069383.8354676,219,0,0,0
1790069384.0443785,221,0,0,0
1790069384.2526147,223,0,0,0
1790069384.4601948,225,0,0,0
1790069384.6598823,225,0,0,0
1790069384.8567991,222,0,0,0
1790069385.0656052,225,0,0,0
1790069385.2712936,225,0,0,0
1790069385.4748292,224,0,0,0
1790069385.6819625,223,0,0,0
1790069385.8907216,220,0,0,0
1790069386.099192,224,0,0,0
1790069386.3005006,224,0,0,0
1790069386.49328,227,0,0,0
1790069386.7169147,222,0,0,0
1790069386.9182043,222,0,0,0
1790069387.119237,217,0,0,0
1790069387.320354,219,0,0,0
1790069387.501723,219,0,0,0
1790069387.7233846,219,0,0,0
1790069387.9386506,222,0,0,0
1790069388.1401567,218,0,0,0
1790069388.3409922,219,0,0,0
1790069388.5210955,220,0,0,0
1790069388.7511175,220,0,0,0
1790069388.9591548,218,0,0,0
1790069389.161104,219,0,0,0
1790069389.3685155,219,0,0,0
1790069389.5202503,217,0,0,0
1790069389.7788374,220,0,0,0
1790069389.9788165,221,0,0,0
1790069390.1959925,220,0,0,0
1790069390.3970397,220,0,0,0
1790069390.5978162,219,0,0,0
1790069390.7989285,217,0,0,0
1790069391.0080595,218,0,0,0
1790069391.2089615,218,0,0,0
1790069391.4168823,220,0,0,0
1790069391.6172018,218,0,0,0
1790069391.8203387,221,0,0,0
1790069392.0282333,219,0,0,0
1790069392.2300127,218,0,0,0
1790069392.437514,219,0,0,0
1790069392.6410327,218,0,0,0
1790069392.8464284,220,0,0,0
1790069393.0492473,220,0,0,0
1790069393.2560182,222,0,0,0
1790069393.4589589,219,0,0,0
1790069393.576203,220,0,0,0
1790069393.86851,217,0,0,0
1790069394.0757797,218,0,0,0
1790069394.278218,218,0,0,0
1790069394.4855418,218,0,0,0
1790069394.6874309,217,0,0,0
1790069394.894977,217,0,0,0
1790069395.0975626,218,0,0,0
1790069395.3041847,217,0,0,0
1790069395.507267,221,0,0,0
1790069395.7138486,223,0,0,0
1790069395.9165878,222,0,0,0
1790069396.1241453,226,0,0,0
1790069396.326542,225,0,0,0
1790069396.5279794,232,0,0,0
1790069396.7361686,222,0,0,0
1790069396.9371676,222,0,0,0
1790069397.1453848,221,0,0,0
1790069397.3467302,221,0,0,0
1790069397.541446,228,0,0,0
1790069397.7623255,227,0,0,0
1790069397.9655492,229,0,0,0
1790069398.16643,221,0,0,0
1790069398.3749893,235,0,0,0
1790069398.5468292,226,0,0,0
1790069398.7848768,234,0,0,0
1790069398.9924035,235,0,0,0
1790069399.1946788,224,0,0,0
1790069399.3540843,220,0,0,0
1790069399.5536423,229,0,0,0
1790069399.8118708,228,0,0,0
1790069400.0135174,229,0,0,0
1790069400.2146614,227,0,0,0
1790069400.3328521,219,0,0,0
1790069400.5486486,228,0,0,0
1790069400.833261,229,0,0,0
1790069401.0346303,229,0,0,0
1790069401.2424402,228,0,0,0
1790069401.4511178,226,0,0,0
1790069401.5607169,227,0,0,0
1790069401.8593202,228,0,0,0
1790069402.062227,228,0,0,0
1790069402.2698383,224,0,0,0
1790069402.4714983,226,0,0,0
1790069402.5602784,226,0,0,0
1790069402.8805246,218,0,0,0
1790069403.0824082,228,0,0,0
1790069403.2912233,232,0,0,0
1790069403.4920974,234,0,0,0
1790069403.5652502,233,0,0,0
1790069403.9012372,234,0,0,0
1790069403.9082005,231,0,0,0
1790069404.1099203,232,0,0,0
1790069404.5615206,231,0,0,0
1790069404.5669022,231,0,0,0
1790069404.9287012,230,0,0,0
1790069405.1370633,229,0,0,0
1790069405.3379712,228,0,0,0
1790069405.5399752,228,0,0,0
1790069405.5473998,227,0,0,0
1790069405.7486916,227,0,0,0
1790069405.9555902,229,0,0,0
1790069406.159872,228,0,0,0
1790069406.37218,227,0,0,0
1790069406.5679169,227,0,0,0
1790069406.7917476,228,0,0,0
1790069407.1792789,230,0,0,0
1790069407.1792789,232,0,0,0
1790069407.3877358,234,0,0,0
1790069407.5882628,235,0,0,0
1790069407.8044841,233,0,0,0
1790069408.0133016,233,0,0,0
1790069408.2193656,234,0,0,0
1790069408.4209607,232,0,0,0
1790069408.6009784,232,0,0,0
1790069408.8173141,232,0,0,0
1790069409.0258741,227,0,0,0
1790069409.2270546,226,0,0,0
1790069409.435784,228,0,0,0
1790069409.6373253,229,0,0,0
1790069409.8447495,227,0,0,0
1790069410.0603008,227,0,0,0
1790069410.260317,224,0,0,0
1790069410.4571812,229,0,0,0
1790069410.6631477,229,0,0,0
1790069410.8669662,230,0,0,0
1790069411.0747707,234,0,0,0
1790069411.2765393,230,0,0,0
1790069411.4897394,229,0,0,0
1790069411.685808,232,0,0,0
1790069411.8941543,233,0,0,0
1790069412.1004775,232,0,0,0
1790069412.5048192,230,0,0,0
1790069412.5118673,231,0,0,0
1790069412.7068286,229,0,0,0
1790069412.915175,226,0,0,0
1790069413.122193,227,0,0,0
1790069413.331931,226,0,0,0
1790069413.532464,227,0,0,0
1790069413.7347255,232,0,0,0
1790069413.9423144,232,0,0,0
1790069414.146408,233,0,0,0
1790069414.3447828,231,0,0,0
1790069414.5532463,232,0,0,0
1790069414.7598941,232,0,0,0
1790069414.9632616,233,0,0,0
1790069415.1696055,233,0,0,0
1790069415.3788364,233,0,0,0
1790069415.579906,229,0,0,0
1790069415.782488,230,0,0,0
1790069415.9904957,227,0,0,0
1790069416.1919112,226,0,0,0
1790069416.3797672,228,0,0,0
1790069416.6018035,228,0,0,0
1790069416.802642,229,0,0,0
1790069417.0115082,231,0,0,0
1790069417.2181633,231,0,0,0
1790069417.4209232,231,0,0,0
1790069417.6355188,233,0,0,0
1790069417.8308837,232,0,0,0
1790069418.03224,229,0,0,0
1790069418.2403724,227,0,0,0
1790069418.4469168,228,0,0,0
1790069418.6302269,228,0,0,0
1790069418.8570356,230,0,0,0
1790069419.0599446,233,0,0,0
1790069419.261406,227,0,0,0
1790069419.4683144,224,0,0,0
1790069419.634309,227,0,0,0
1790069419.8790228,224,0,0,0
1790069420.086517,225,0,0,0
1790069420.2892673,228,0,0,0
1790069420.4905982,231,0,0,0
1790069420.6360307,235,0,0,0
1790069420.9002883,232,0,0,0
1790069421.1091065,234,0,0,0
1790069421.3123474,231,0,0,0
1790069421.5188065,231,0,0,0
1790069421.6422048,235,0,0,0
1790069421.927299,232,0,0,0
1790069422.1320088,231,0,0,0
1790069422.3365777,232,0,0,0
1790069422.5445514,231,0,0,0
1790069422.647712,231,0,0,0
1790069422.948265,229,0,0,0
1790069423.156569,226,0,0,0
1790069423.3573892,225,0,0,0
1790069423.5658581,228,0,0,0
1790069423.6491497,227,0,0,0
1790069423.9824083,226,0,0,0
1790069424.1767185,227,0,0,0
1790069424.384765,227,0,0,0
1790069424.5864816,227,0,0,0
1790069424.7933712,226,0,0,0
1790069424.9966133,228,0,0,0
1790069425.2041254,230,0,0,0
1790069425.408889,232,0,0,0
1790069425.6144948,232,0,0,0
1790069425.814943,228,0,0,0
1790069426.0226839,229,0,0,0
1790069426.2247138,226,0,0,0
1790069426.433082,226,0,0,0
1790069426.6342921,224,0,0,0
1790069426.8432298,224,0,0,0
1790069427.0445085,224,0,0,0
1790069427.2538085,223,0,0,0
1790069427.4539108,227,0,0,0
1790069427.6627238,225,0,0,0
1790069427.8633466,228,0,0,0
1790069428.072008,229,0,0,0
1790069428.2732933,234,0,0,0
1790069428.481595,231,0,0,0
1790069428.6748862,232,0,0,0
1790069428.889972,229,0,0,0
1790069429.0933957,230,0,0,0
1790069429.2995973,231,0,0,0
1790069429.5026395,231,0,0,0
1790069429.6762934,227,0,0,0
1790069429.9122686,225,0,0,0
1790069430.1205885,224,0,0,0
1790069430.3215482,228,0,0,0
1790069430.5233643,228,0,0,0
1790069430.6831207,230,0,0,0
1790069430.933143,228,0,0,0
1790069431.1413007,228,0,0,0
1790069431.154523,229,0,0,0
1790069431.5509038,230,0,0,0
1790069431.6829877,231,0,0,0
1790069431.9606643,230,0,0,0
1790069431.9673264,231,0,0,0
1790069432.1742215,230,0,0,0
1790069432.3767495,228,0,0,0
1790069432.578723,226,0,0,0
1790069432.7803469,227,0,0,0
1790069432.9883072,223,0,0,0
1790069433.1918375,227,0,0,0
1790069433.396069,226,0,0,0
1790069433.598677,227,0,0,0
1790069433.8069952,226,0,0,0
1790069434.0084183,227,0,0,0
1790069434.216942,227,0,0,0
1790069434.418422,229,0,0,0
1790069434.6268022,230,0,0,0
1790069434.828491,228,0,0,0
1790069435.0368848,230,0,0,0
1790069435.2382345,229,0,0,0
1790069435.4513724,231,0,0,0
1790069435.653217,228,0,0,0
1790069435.8483803,224,0,0,0
1790069436.0573814,229,0,0,0
1790069436.2653754,232,0,0,0
1790069436.479567,230,0,0,0
1790069436.6749666,231,0,0,0
1790069436.87695,230,0,0,0
1790069437.0833318,228,0,0,0
1790069437.2994554,232,0,0,0
1790069437.4944127,233,0,0,0
1790069437.696226,231,0,0,0
1790069437.8967059,232,0,0,0
1790069438.1052005,230,0,0,0
1790069438.3136225,230,0,0,0
1790069438.5154681,232,0,0,0
1790069438.7169285,230,0,0,0
1790069438.9253328,228,0,0,0
1790069439.1265624,224,0,0,0
1790069439.33499,223,0,0,0
1790069439.5500543,229,0,0,0
1790069439.7368226,230,0,0,0
1790069439.949316,231,0,0,0
1790069440.1542413,229,0,0,0
1790069440.3554404,227,0,0,0
1790069440.563915,227,0,0,0
1790069440.7639043,227,0,0,0
1790069440.9733162,224,0,0,0
1790069441.1783764,223,0,0,0
1790069441.3829281,225,0,0,0
1790069441.598297,224,0,0,0
1790069441.7988074,226,0,0,0
1790069441.9990702,224,0,0,0
1790069442.4035559,226,0,0,0
1790069442.4035559,227,0,0,0
1790069442.6180444,229,0,0,0
1790069442.8192291,229,0,0,0
1790069443.0286467,234,0,0,0
1790069443.236501,230,0,0,0
1790069443.4381282,229,0,0,0
1790069443.6386409,229,0,0,0
1790069444.0417488,227,0,0,0
1790069444.0417488,223,0,0,0
1790069444.2572906,228,0,0,0
1790069444.45925,229,0,0,0
1790069444.7431328,230,0,0,0
1790069444.8681092,229,0,0,0
1790069445.0543919,225,0,0,0
1790069445.270759,224,0,0,0
1790069445.4793184,227,0,0,0
1790069445.6944916,229,0,0,0
1790069445.8884244,229,0,0,0
1790069446.0556593,233,0,0,0
1790069446.2986624,230,0,0,0
1790069446.4999993,232,0,0,0
1790069446.7140012,229,0,0,0
1790069446.9091318,227,0,0,0
1790069447.111412,224,0,0,0
1790069447.332625,227,0,0,0
1790069447.5337512,222,0,0,0
1790069447.7345622,224,0,0,0
1790069447.9298315,223,0,0,0
1790069448.0658336,224,0,0,0
1790069448.34555,225,0,0,0
1790069448.4780695,223,0,0,0
1790069448.7497575,224,0,0,0
1790069448.9642458,228,0,0,0
1790069449.1668158,229,0,0,0
1790069449.576605,228,0,0,0
1790069449.576605,230,0,0,0
1790069449.7766068,229,0,0,0
1790069449.9842067,229,0,0,0
1790069450.187633,229,0,0,0
1790069450.395879,230,0,0,0
1790069450.596789,231,0,0,0
1790069450.7758243,229,0,0,0
1790069451.0083473,229,0,0,0
1790069451.2084095,230,0,0,0
1790069451.4162629,229,0,0,0
1790069451.6256065,228,0,0,0
1790069451.7769403,227,0,0,0
1790069452.034628,226,0,0,0
1790069452.240798,226,0,0,0
1790069452.445614,227,0,0,0
1790069452.6460292,227,0,0,0
1790069452.7903879,227,0,0,0
1790069453.0548692,228,0,0,0
1790069453.2564986,225,0,0,0
1790069453.672818,224,0,0,0
1790069453.790342,225,0,0,0
1790069454.0807915,223,0,0,0
1790069454.2844875,225,0,0,0
1790069454.4856288,229,0,0,0
1790069454.6939456,230,0,0,0
1790069454.790842,232,0,0,0
1790069455.1034296,238,0,0,0
1790069455.3108413,228,0,0,0
1790069455.5132377,227,0,0,0
1790069455.7195697,239,0,0,0
1790069455.7970998,238,0,0,0
1790069456.1239083,239,0,0,0
1790069456.3319113,229,0,0,0
1790069456.5340538,237,0,0,0
1790069456.7421236,239,0,0,0
1790069456.9433856,229,0,0,0
1790069457.1517956,236,0,0,0
1790069457.353023,235,0,0,0
1790069457.5613148,223,0,0,0
1790069457.7624679,223,0,0,0
1790069457.8179452,235,0,0,0
1790069458.1714706,228,0,0,0
1790069458.3804593,239,0,0,0
1790069458.588578,237,0,0,0
1790069458.8048599,226,0,0,0
1790069458.8188972,233,0,0,0
1790069459.1968431,233,0,0,0
1790069459.404435,235,0,0,0
1790069459.603094,231,0,0,0
1790069459.8124824,231,0,0,0
1790069460.0096889,232,0,0,0
1790069460.2211244,224,0,0,0
1790069460.4284263,234,0,0,0
1790069460.631646,224,0,0,0
1790069460.823318,234,0,0,0
1790069461.0399506,235,0,0,0
1790069461.2501907,236,0,0,0
1790069461.441278,231,0,0,0
1790069461.6442852,235,0,0,0
1790069461.838301,231,0,0,0
1790069462.0598125,233,0,0,0
1790069462.2623687,233,0,0,0
1790069462.4759414,233,0,0,0
1790069462.6843677,228,0,0,0
1790069462.6989908,238,0,0,0
1790069463.0891328,239,0,0,0
1790069463.2908115,239,0,0,0
1790069463.499069,238,0,0,0
1790069463.5171533,239,0,0,0
1790069463.7213707,239,0,0,0
1790069463.9218764,236,0,0,0
1790069464.1384835,238,0,0,0
1790069464.5035868,237,0,0,0
1790069464.7280698,238,0,0,0
1790069464.7341468,237,0,0,0
1790069465.1368854,237,0,0,0
1790069465.3433115,237,0,0,0
1790069465.3525157,237,0,0,0
1790069465.5604246,235,0,0,0
1790069465.7518997,238,0,0,0
1790069466.1606684,237,0,0,0
1790069466.1617904,238,0,0,0
1790069466.378753,236,0,0,0
1790069466.57984,237,0,0,0
1790069466.781138,236,0,0,0
1790069467.1866462,236,0,0,0
1790069467.1985946,230,0,0,0
1790069467.3917224,231,0,0,0
1790069467.5965257,232,0,0,0
1790069467.8666365,232,0,0,0
1790069468.0046592,231,0,0,0
1790069468.2187476,232,0,0,0
1790069468.4156034,234,0,0,0
1790069468.6221173,238,0,0,0
1790069468.8245683,236,0,0,0
1790069469.0383976,237,0,0,0
1790069469.233161,236,0,0,0
1790069469.4398944,235,0,0,0
1790069469.6426003,237,0,0,0
1790069469.830211,233,0,0,0
1790069470.0584843,236,0,0,0
1790069470.2592402,239,0,0,0
1790069470.4623342,239,0,0,0
1790069470.6769483,237,0,0,0
1790069470.8783498,238,0,0,0
1790069471.0735626,236,0,0,0
1790069471.2950253,237,0,0,0
1790069471.4966152,236,0,0,0
1790069471.6988,234,0,0,0
1790069471.8935344,233,0,0,0
1790069472.1131089,231,0,0,0
1790069472.316426,235,0,0,0
1790069472.5174994,236,0,0,0
1790069472.7172282,237,0,0,0
1790069472.8990061,232,0,0,0
1790069473.1268246,238,0,0,0
1790069473.3376544,237,0,0,0
1790069473.5384917,238,0,0,0
1790069473.7460709,234,0,0,0
1790069473.8990436,238,0,0,0
1790069474.14919,238,0,0,0
1790069474.350542,235,0,0,0
1790069474.564958,234,0,0,0
1790069474.7604594,232,0,0,0
1790069474.8984396,233,0,0,0
1790069475.1772685,234,0,0,0
1790069475.3782077,236,0,0,0
1790069475.5814714,232,0,0,0
1790069475.7874882,236,0,0,0
1790069475.990258,235,0,0,0
1790069476.1963868,235,0,0,0
1790069476.4011295,234,0,0,0
1790069476.8093662,235,0,0,0
1790069476.9117482,237,0,0,0
1790069477.2186232,237,0,0,0
1790069477.4267132,237,0,0,0
1790069477.6332943,237,0,0,0
1790069477.8360922,234,0,0,0
1790069478.037929,234,0,0,0
1790069478.245603,234,0,0,0
1790069478.4466949,235,0,0,0
1790069478.6556852,232,0,0,0
1790069478.8623793,231,0,0,0
1790069479.0643487,229,0,0,0
1790069479.2664256,231,0,0,0
1790069479.4742105,231,0,0,0
1790069479.676841,229,0,0,0
1790069479.8834183,232,0,0,0
1790069480.0870056,236,0,0,0
1790069480.29402,237,0,0,0
1790069480.4957771,234,0,0,0
1790069480.7027779,232,0,0,0
1790069480.9047544,232,0,0,0
1790069481.112401,231,0,0,0
1790069481.3142822,229,0,0,0
1790069481.5225,230,0,0,0
1790069481.725098,230,0,0,0
1790069481.9409013,230,0,0,0
1790069482.1337345,230,0,0,0
1790069482.3408196,228,0,0,0
1790069482.7517464,230,0,0,0
1790069482.7544584,229,0,0,0
1790069482.9311213,228,0,0,0
1790069483.1613233,229,0,0,0
1790069483.3628197,230,0,0,0
1790069483.5652053,230,0,0,0
1790069483.7729812,226,0,0,0
1790069483.932388,228,0,0,0
1790069484.1837363,229,0,0,0
1790069484.3843586,229,0,0,0
1790069484.5923147,229,0,0,0
1790069484.7932215,230,0,0,0
1790069484.8074095,228,0,0,0
1790069485.0210834,227,0,0,0
1790069485.2230623,231,0,0,0
1790069485.419541,228,0,0,0
1790069485.6218626,231,0,0,0
1790069485.8215542,231,0,0,0
1790069486.0369563,230,0,0,0
1790069486.2386684,228,0,0,0
1790069486.640821,227,0,0,0
1790069486.6528907,230,0,0,0
1790069486.8493783,229,0,0,0
1790069487.0512655,227,0,0,0
1790069487.2569635,228,0,0,0
1790069487.4597776,226,0,0,0
1790069487.6687016,229,0,0,0
1790069487.869869,227,0,0,0
1790069488.0779305,231,0,0,0
1790069488.486979,230,0,0,0
1790069488.4999347,230,0,0,0
1790069488.8965225,231,0,0,0
1790069489.2999215,236,0,0,0
1790069489.3138309,235,0,0,0
1790069489.5148346,236,0,0,0
1790069489.717031,237,0,0,0
1790069489.9527855,234,0,0,0
1790069490.1388223,236,0,0,0
1790069490.3341007,233,0,0,0
1790069490.5357363,232,0,0,0
1790069490.737489,233,0,0,0
1790069490.945767,234,0,0,0
1790069491.1482792,234,0,0,0
1790069491.3548765,231,0,0,0
1790069491.5568185,227,0,0,0
1790069491.7648947,228,0,0,0
1790069491.9670413,231,0,0,0
1790069492.1729388,231,0,0,0
1790069492.3829138,232,0,0,0
1790069492.591327,234,0,0,0
1790069492.7912118,237,0,0,0
1790069492.9727347,234,0,0,0
1790069493.194933,234,0,0,0
1790069493.403396,232,0,0,0
1790069493.6051111,236,0,0,0
1790069493.8067029,232,0,0,0
1790069493.9732933,235,0,0,0
1790069494.220916,235,0,0,0
1790069494.4257078,235,0,0,0
1790069494.6289077,235,0,0,0
1790069494.833936,236,0,0,0
1790069494.9795747,235,0,0,0
1790069495.244193,231,0,0,0
1790069495.4447677,231,0,0,0
1790069495.6537304,232,0,0,0
1790069495.855327,232,0,0,0
1790069495.987116,232,0,0,0
1790069496.2696133,236,0,0,0
1790069496.4724946,232,0,0,0
1790069496.6187544,236,0,0,0
1790069496.8826323,232,0,0,0
1790069496.9779756,233,0,0,0
1790069497.291499,232,0,0,0
1790069497.4926877,231,0,0,0
1790069497.700926,230,0,0,0
1790069497.9043407,228,0,0,0
1790069498.0015736,233,0,0,0
1790069498.3140097,234,0,0,0
1790069498.5191984,233,0,0,0
1790069498.7256625,231,0,0,0
1790069498.931491,230,0,0,0
1790069499.0133243,228,0,0,0
1790069499.3385832,224,0,0,0
1790069499.5410511,228,0,0,0
1790069499.7482123,233,0,0,0
1790069499.9507003,233,0,0,0
1790069500.0132,229,0,0,0
1790069500.367244,225,0,0,0
1790069500.5685158,225,0,0,0
1790069500.7699783,227,0,0,0
1790069500.9772415,231,0,0,0
1790069501.1811988,231,0,0,0
1790069501.3878722,230,0,0,0
1790069501.5901608,226,0,0,0
1790069501.7985861,226,0,0,0
1790069501.999985,225,0,0,0
1790069502.2063975,221,0,0,0
1790069502.4087596,224,0,0,0
1790069502.6101747,222,0,0,0
1790069502.8183982,220,0,0,0
1790069503.0334902,223,0,0,0
1790069503.2285085,225,0,0,0
1790069503.4293604,226,0,0,0
1790069503.6393123,230,0,0,0
1790069503.8399897,227,0,0,0
1790069504.020656,228,0,0,0
1790069504.2544744,227,0,0,0
1790069504.4593925,226,0,0,0
1790069504.6592977,228,0,0,0
1790069504.8674219,225,0,0,0
1790069505.019817,228,0,0,0
1790069505.2769432,226,0,0,0
1790069505.478482,226,0,0,0
1790069505.686668,226,0,0,0
1790069505.888184,227,0,0,0
1790069506.0270777,228,0,0,0
1790069506.2974596,224,0,0,0
1790069506.5052361,226,0,0,0
1790069506.707177,225,0,0,0
1790069506.915347,226,0,0,0
1790069507.0333471,225,0,0,0
1790069507.3253272,228,0,0,0
1790069507.5267372,226,0,0,0
1790069507.7339454,226,0,0,0
1790069507.9359002,227,0,0,0
1790069507.943023,223,0,0,0
1790069508.144337,225,0,0,0
1790069508.352482,224,0,0,0
1790069508.5540452,223,0,0,0
1790069508.7626257,225,0,0,0
1790069508.9640796,222,0,0,0
1790069509.1661294,224,0,0,0
1790069509.3733943,225,0,0,0
1790069509.575329,228,0,0,0
1790069509.7905068,223,0,0,0
1790069509.9969018,223,0,0,0
1790069510.1928804,224,0,0,0
1790069510.4084716,222,0,0,0
1790069510.8062897,224,0,0,0
1790069510.808523,224,0,0,0
1790069511.0126252,227,0,0,0
1790069511.4211667,223,0,0,0
1790069511.4221256,226,0,0,0
1790069511.6366627,224,0,0,0
1790069511.8375175,224,0,0,0
1790069512.038281,223,0,0,0
1790069512.2409532,222,0,0,0
1790069512.456711,224,0,0,0
1790069512.6498742,222,0,0,0
1790069512.8577347,219,0,0,0
1790069513.0468628,222,0,0,0
1790069513.2774997,218,0,0,0
1790069513.4772937,222,0,0,0
1790069513.6771412,223,0,0,0
1790069513.8929234,222,0,0,0
1790069514.2885978,219,0,0,0
1790069514.2896094,219,0,0,0
1790069514.4905672,219,0,0,0
1790069514.7110891,221,0,0,0
1790069514.9148326,219,0,0,0
1790069515.102185,221,0,0,0
1790069515.3102648,221,0,0,0
1790069515.518421,219,0,0,0
1790069515.7336755,221,0,0,0
1790069515.9332209,221,0,0,0
1790069516.1355796,219,0,0,0
1790069516.5389278,220,0,0,0
1790069516.5515914,220,0,0,0
1790069516.7543392,220,0,0,0
1790069516.95589,223,0,0,0
1790069517.1561456,221,0,0,0
1790069517.5652378,218,0,0,0
1790069517.5667312,217,0,0,0
1790069517.7749429,220,0,0,0
1790069517.9766042,217,0,0,0
1790069518.1774178,217,0,0,0
1790069518.3936563,217,0,0,0
1790069518.594426,219,0,0,0
1790069518.7959414,216,0,0,0
1790069519.0103877,219,0,0,0
1790069519.2055001,219,0,0,0
1790069519.413478,220,0,0,0
1790069519.6150134,223,0,0,0
1790069519.8225985,224,0,0,0
1790069520.0247848,225,0,0,0
1790069520.228319,223,0,0,0
1790069520.434397,224,0,0,0
1790069520.6387637,225,0,0,0
1790069520.8457184,223,0,0,0
1790069521.0452025,222,0,0,0
1790069521.2522526,221,0,0,0
1790069521.4553785,222,0,0,0
1790069521.661818,220,0,0,0
1790069521.8650577,220,0,0,0
1790069522.0732265,217,0,0,0
1790069522.2747083,217,0,0,0
1790069522.489945,221,0,0,0
1790069522.690873,217,0,0,0
1790069522.885398,220,0,0,0
1790069523.0942643,220,0,0,0
1790069523.30305,217,0,0,0
1790069523.5034168,219,0,0,0
1790069523.7119498,219,0,0,0
1790069523.9132972,228,0,0,0
1790069524.1077654,220,0,0,0
1790069524.3230283,220,0,0,0
1790069524.5310268,218,0,0,0
1790069524.7322938,218,0,0,0
1790069524.940894,231,0,0,0
1790069525.119668,218,0,0,0
1790069525.3489776,216,0,0,0
1790069525.5523646,229,0,0,0
1790069525.7603343,221,0,0,0
1790069525.9619477,219,0,0,0
1790069526.1144457,232,0,0,0
1790069526.3711262,231,0,0,0
1790069526.578002,228,0,0,0
1790069526.7804606,217,0,0,0
1790069526.9617066,216,0,0,0
1790069527.1210358,216,0,0,0
1790069527.3889012,224,0,0,0
1790069527.5997252,216,0,0,0
1790069527.8018765,217,0,0,0
1790069528.0090148,218,0,0,0
1790069528.1281662,215,0,0,0
1790069528.4176366,216,0,0,0
1790069528.626875,227,0,0,0
1790069528.8298247,227,0,0,0
1790069529.034743,227,0,0,0
1790069529.1348743,217,0,0,0
1790069529.4408224,229,0,0,0
1790069529.648921,222,0,0,0
1790069529.8490188,223,0,0,0
1790069530.057671,220,0,0,0
1790069530.1368792,219,0,0,0
1790069530.464593,229,0,0,0
1790069530.6709468,225,0,0,0
1790069530.8763103,218,0,0,0
1790069531.0702877,228,0,0,0
1790069531.149586,217,0,0,0
1790069531.4844987,233,0,0,0
1790069531.6914835,233,0,0,0
1790069531.8995023,229,0,0,0
1790069532.0972078,227,0,0,0
1790069532.160954,227,0,0,0
1790069532.5163605,231,0,0,0
1790069532.7087803,233,0,0,0
1790069532.9233465,231,0,0,0
1790069533.1279094,227,0,0,0
1790069533.3347983,225,0,0,0
1790069533.5432756,226,0,0,0
1790069533.746054,226,0,0,0
1790069533.9511154,226,0,0,0
1790069534.1539776,228,0,0,0
1790069534.357328,232,0,0,0
1790069534.565341,230,0,0,0
1790069534.9740162,229,0,0,0
1790069534.9815385,228,0,0,0
1790069535.1832862,225,0,0,0
1790069535.3826563,226,0,0,0
1790069535.5857973,226,0,0,0
1790069535.7929986,227,0,0,0
1790069536.002035,226,0,0,0
1790069536.182827,227,0,0,0
1790069536.4099503,224,0,0,0
1790069536.6115124,227,0,0,0
1790069536.8142908,227,0,0,0
1790069537.0209165,226,0,0,0
1790069537.022394,226,0,0,0
1790069537.2361197,227,0,0,0
1790069537.6333582,230,0,0,0
1790069537.8403852,228,0,0,0
1790069537.8419363,227,0,0,0
1790069538.1962004,232,0,0,0
1790069538.2569609,230,0,0,0
1790069538.6540546,226,0,0,0
1790069538.6607623,226,0,0,0
1790069538.875165,227,0,0,0
1790069539.0780232,228,0,0,0
1790069539.277637,228,0,0,0
1790069539.4943607,227,0,0,0
1790069539.6961088,229,0,0,0
1790069539.890349,225,0,0,0
1790069540.0922008,228,0,0,0
1790069540.501698,227,0,0,0
1790069540.5136669,227,0,0,0
1790069540.7156956,227,0,0,0
1790069540.9110305,226,0,0,0
1790069541.1191735,225,0,0,0
1790069541.3206758,224,0,0,0
1790069541.5271792,225,0,0,0
1790069541.7304878,223,0,0,0
1790069541.939244,224,0,0,0
1790069542.1399522,221,0,0,0
1790069542.3465874,221,0,0,0
1790069542.5555687,229,0,0,0
1790069542.7572675,227,0,0,0
1790069542.9603782,223,0,0,0
1790069543.175101,221,0,0,0
1790069543.3694053,222,0,0,0
1790069543.5755858,221,0,0,0
1790069543.9798722,219,0,0,0
1790069543.9862807,220,0,0,0
1790069544.1951342,220,0,0,0
1790069544.389796,219,0,0,0
1790069544.6049838,223,0,0,0
1790069544.8134224,224,0,0,0
1790069545.0147276,224,0,0,0
1790069545.215339,223,0,0,0
1790069545.4178228,226,0,0,0
1790069545.6250212,225,0,0,0
1790069545.8334901,224,0,0,0
1790069546.0350182,223,0,0,0
1790069546.250687,226,0,0,0
1790069546.452474,226,0,0,0
1790069546.6530335,226,0,0,0
1790069546.8547482,224,0,0,0
1790069547.0621479,219,0,0,0
1790069547.2522967,221,0,0,0
1790069547.4666378,223,0,0,0
1790069547.6742692,220,0,0,0
1790069547.8750958,220,0,0,0
1790069548.077113,220,0,0,0
1790069548.2434685,220,0,0,0
1790069548.4941597,222,0,0,0
1790069548.6949632,222,0,0,0
1790069548.9100595,222,0,0,0
1790069549.1109962,222,0,0,0
1790069549.305468,221,0,0,0
1790069549.5144715,223,0,0,0
1790069549.7287467,224,0,0,0
1790069549.9360871,224,0,0,0
1790069550.1318715,224,0,0,0
1790069550.334059,227,0,0,0
1790069550.5547235,227,0,0,0
1790069550.755653,226,0,0,0
1790069550.9517338,224,0,0,0
1790069551.1526446,224,0,0,0
1790069551.3535683,224,0,0,0
1790069551.5677378,224,0,0,0
1790069551.7759519,223,0,0,0
1790069551.9732308,216,0,0,0
1790069552.1792824,218,0,0,0
1790069552.3807678,220,0,0,0
1790069552.5963569,218,0,0,0
1790069552.796855,217,0,0,0
1790069552.9927351,217,0,0,0
1790069553.2013774,217,0,0,0
1790069553.4018948,219,0,0,0
1790069553.6165457,218,0,0,0
1790069553.8118076,221,0,0,0
1790069554.0205567,221,0,0,0
1790069554.2211196,221,0,0,0
1790069554.4300158,219,0,0,0
1790069554.6331089,220,0,0,0
1790069554.8388731,219,0,0,0
1790069555.0403957,220,0,0,0
1790069555.248637,220,0,0,0
1790069555.4503691,220,0,0,0
1790069555.657825,218,0,0,0
1790069555.8604317,219,0,0,0
1790069556.068342,220,0,0,0
1790069556.2848036,219,0,0,0
1790069556.4783309,219,0,0,0
1790069556.6800623,217,0,0,0
1790069556.8863468,218,0,0,0
1790069556.9696877,222,0,0,0
1790069557.2862072,220,0,0,0
1790069557.498419,217,0,0,0
1790069557.9087226,220,0,0,0
1790069557.9087226,219,0,0,0
1790069558.115372,217,0,0,0
1790069558.2768054,219,0,0,0
1790069558.525876,218,0,0,0
1790069558.727801,217,0,0,0
1790069558.934742,218,0,0,0
1790069559.137715,220,0,0,0
1790069559.2887356,220,0,0,0
1790069559.547497,223,0,0,0
1790069559.7541814,225,0,0,0
1790069559.9566872,222,0,0,0
1790069560.1636746,217,0,0,0
1790069560.2838395,219,0,0,0
1790069560.5752754,222,0,0,0
1790069560.7815735,225,0,0,0
1790069560.9819646,223,0,0,0
1790069561.1872725,219,0,0,0
1790069561.2958796,218,0,0,0
1790069561.596025,216,0,0,0
1790069561.7991278,218,0,0,0
1790069562.0051665,217,0,0,0
1790069562.2109513,217,0,0,0
1790069562.2958343,220,0,0,0
1790069562.616719,224,0,0,0
1790069562.8244872,222,0,0,0
1790069563.0264375,222,0,0,0
1790069563.2349067,225,0,0,0
1790069563.3093264,221,0,0,0
1790069563.6453469,221,0,0,0
1790069564.0528061,219,0,0,0
1790069564.0564306,218,0,0,0
1790069564.2586021,219,0,0,0
1790069564.3088515,219,0,0,0
1790069564.4882867,219,0,0,0
1790069564.868047,219,0,0,0
1790069565.0594063,220,0,0,0
1790069565.2808921,217,0,0,0
1790069565.291317,219,0,0,0
1790069565.6916475,220,0,0,0
1790069565.8969624,220,0,0,0
1790069565.9075882,220,0,0,0
1790069566.129156,221,0,0,0
1790069566.5082893,220,0,0,0
1790069566.710401,221,0,0,0
1790069566.7237794,220,0,0,0
1790069566.93731,219,0,0,0
1790069567.1347704,220,0,0,0
1790069567.3252444,220,0,0,0
1790069567.53474,220,0,0,0
1790069567.9426498,221,0,0,0
1790069567.9426498,222,0,0,0
1790069568.156086,220,0,0,0
1790069568.5589147,222,0,0,0
1790069568.5589147,219,0,0,0
1790069568.7670164,224,0,0,0
1790069568.9705513,221,0,0,0
1790069569.1722946,224,0,0,0
1790069569.57963,223,0,0,0
1790069569.57963,220,0,0,0
1790069569.7881198,221,0,0,0
1790069569.9895318,220,0,0,0
1790069570.1973548,223,0,0,0
1790069570.4022942,220,0,0,0
1790069570.6113617,220,0,0,0
1790069570.8095005,221,0,0,0
1790069571.0296845,223,0,0,0
1790069571.225776,221,0,0,0
1790069571.4258206,219,0,0,0
1790069571.640164,214,0,0,0
1790069572.0392847,216,0,0,0
1790069572.0392847,215,0,0,0
1790069572.253145,218,0,0,0
1790069572.4568908,215,0,0,0
1790069572.6515718,216,0,0,0
1790069572.8700976,217,0,0,0
1790069573.061216,219,0,0,0
1790069573.2677262,220,0,0,0
1790069573.4713967,220,0,0,0
1790069573.682808,221,0,0,0
1790069573.8896,224,0,0,0
1790069574.0932136,217,0,0,0
1790069574.2832427,220,0,0,0
1790069574.499136,218,0,0,0
1790069574.7046576,217,0,0,0
1790069574.9187224,217,0,0,0
1790069575.1134493,216,0,0,0
1790069575.314677,216,0,0,0
1790069575.7244997,218,0,0,0
1790069575.7244997,217,0,0,0
1790069576.1352582,216,0,0,0
1790069576.341635,216,0,0,0
1790069576.5475028,217,0,0,0
1790069576.7465358,216,0,0,0
1790069576.9528308,216,0,0,0
1790069577.3619268,218,0,0,0
1790069577.5688577,218,0,0,0
1790069577.7692997,214,0,0,0
1790069577.979267,214,0,0,0
1790069578.182543,217,0,0,0
1790069578.3846617,215,0,0,0
1790069578.5910547,216,0,0,0
1790069578.793101,216,0,0,0
1790069578.9991362,219,0,0,0
1790069579.206142,217,0,0,0
1790069579.406573,215,0,0,0
1790069579.613606,217,0,0,0
1790069579.820936,218,0,0,0
1790069580.0240288,218,0,0,0
1790069580.2315638,221,0,0,0
1790069580.421191,220,0,0,0
1790069580.6437674,220,0,0,0
1790069580.843859,222,0,0,0
1790069581.0442681,220,0,0,0
1790069581.244752,219,0,0,0
1790069581.4453633,216,0,0,0
1790069581.6665072,213,0,0,0
1790069581.8731108,214,0,0,0
1790069582.0743253,215,0,0,0
1790069582.2113514,215,0,0,0
1790069582.4468002,214,0,0,0
1790069582.6751158,214,0,0,0
1790069582.9034357,215,0,0,0
1790069583.0986748,214,0,0,0
1790069583.2895834,215,0,0,0
1790069583.4493437,217,0,0,0
1790069583.7130368,217,0,0,0
1790069583.9182563,217,0,0,0
1790069584.1191094,223,0,0,0
1790069584.2655418,219,0,0,0
1790069584.4595444,221,0,0,0
1790069584.7367272,218,0,0,0
1790069584.9439714,221,0,0,0
1790069585.1472778,219,0,0,0
1790069585.4795508,218,0,0,0
1790069585.4806647,216,0,0,0
1790069585.758322,214,0,0,0
1790069585.9668233,216,0,0,0
1790069586.160747,218,0,0,0
1790069586.3763833,221,0,0,0
1790069586.4812083,218,0,0,0
1790069586.7812989,220,0,0,0
1790069586.9636834,216,0,0,0
1790069587.1968725,217,0,0,0
1790069587.3966098,220,0,0,0
1790069587.493513,218,0,0,0
1790069587.8067768,219,0,0,0
1790069588.0143025,217,0,0,0
1790069588.2168293,217,0,0,0
1790069588.2570605,216,0,0,0
1790069588.5057492,218,0,0,0
1790069588.8334577,218,0,0,0
1790069589.035594,217,0,0,0
1790069589.2420967,219,0,0,0
1790069589.4569948,219,0,0,0
1790069589.5056095,221,0,0,0
1790069589.8359463,220,0,0,0
1790069590.0604475,217,0,0,0
1790069590.0684006,217,0,0,0
1790069590.2607186,217,0,0,0
1790069590.5058215,214,0,0,0
1790069590.874985,216,0,0,0
1790069590.882988,216,0,0,0
1790069591.090539,216,0,0,0
1790069591.2917304,214,0,0,0
1790069591.5074177,215,0,0,0
1790069591.703178,218,0,0,0
1790069591.9116917,221,0,0,0
1790069592.111783,220,0,0,0
1790069592.3134704,214,0,0,0
1790069592.5208948,214,0,0,0
1790069592.7281852,213,0,0,0
1790069592.931962,212,0,0,0
1790069593.1322749,213,0,0,0
1790069593.3406777,213,0,0,0
1790069593.5356536,213,0,0,0
1790069593.7562258,213,0,0,0
1790069593.9519005,213,0,0,0
1790069594.1607003,213,0,0,0
1790069594.3755524,217,0,0,0
1790069594.563257,221,0,0,0
1790069594.7784445,218,0,0,0
1790069594.9806058,218,0,0,0
1790069595.1881127,217,0,0,0
1790069595.3903902,218,0,0,0
1790069595.7918973,219,0,0,0
1790069596.000145,218,0,0,0
1790069596.0060368,216,0,0,0
1790069596.2090058,215,0,0,0
1790069596.4134157,218,0,0,0
1790069596.819791,217,0,0,0
1790069596.8336825,215,0,0,0
1790069597.0406487,216,0,0,0
1790069597.2347293,213,0,0,0
1790069597.5630093,210,0,0,0
1790069597.8404717,215,0,0,0
1790069597.8474789,212,0,0,0
1790069598.0484543,211,0,0,0
1790069598.2546575,214,0,0,0
1790069598.460349,214,0,0,0
1790069598.6750882,212,0,0,0
1790069598.8747623,213,0,0,0
1790069599.0750644,210,0,0,0
1790069599.4855742,212,0,0,0
1790069599.4925668,213,0,0,0
1790069599.6922355,214,0,0,0
1790069600.0976534,215,0,0,0
1790069600.1006498,215,0,0,0
1790069600.3134825,216,0,0,0
1790069600.5154324,214,0,0,0
1790069600.7146006,214,0,0,0
1790069600.923505,214,0,0,0
1790069601.1232698,212,0,0,0
1790069601.3266864,215,0,0,0
1790069601.53315,218,0,0,0
1790069601.9372597,218,0,0,0
1790069601.9510965,214,0,0,0
1790069602.145157,213,0,0,0
1790069602.353812,211,0,0,0
1790069602.5551813,213,0,0,0
1790069602.9648204,214,0,0,0
1790069602.9718254,210,0,0,0
1790069603.1729934,210,0,0,0
1790069603.5774522,213,0,0,0
1790069603.5774522,212,0,0,0
1790069603.985504,215,0,0,0
1790069604.1924767,217,0,0,0
1790069604.3957996,214,0,0,0
1790069604.4091253,216,0,0,0
1790069604.8047588,215,0,0,0
1790069604.8103762,216,0,0,0
1790069605.0128648,214,0,0,0
1790069605.2213745,212,0,0,0
1790069605.4227235,213,0,0,0
1790069605.831232,213,0,0,0
1790069606.0544744,214,0,0,0
1790069606.255517,214,0,0,0
1790069606.4357069,212,0,0,0
1790069606.6445954,213,0,0,0
1790069606.860161,209,0,0,0
1790069607.068692,209,0,0,0
1790069607.276235,213,0,0,0
1790069607.4717472,215,0,0,0
1790069607.6748323,214,0,0,0
1790069607.881113,214,0,0,0
1790069608.0948544,214,0,0,0
1790069608.2959154,215,0,0,0
1790069608.4959161,212,0,0,0
1790069608.901249,210,0,0,0
1790069608.908058,208,0,0,0
1790069609.1157844,209,0,0,0
1790069609.3112726,212,0,0,0
1790069609.5330775,212,0,0,0
1790069609.7203717,209,0,0,0
1790069609.9290442,213,0,0,0
1790069610.338897,213,0,0,0
1790069610.4707975,216,0,0,0
1790069610.748163,213,0,0,0
1790069610.9500585,211,0,0,0
1790069611.157875,213,0,0,0
1790069611.3650253,212,0,0,0
1790069611.567288,210,0,0,0
1790069611.7696402,207,0,0,0
1790069611.976897,208,0,0,0
1790069612.1791837,208,0,0,0
1790069612.3865907,207,0,0,0
1790069612.5888605,218,0,0,0
1790069612.79626,213,0,0,0
1790069612.9985142,210,0,0,0
1790069613.2070577,213,0,0,0
1790069613.4083054,213,0,0,0
1790069613.6149528,213,0,0,0
1790069613.818255,211,0,0,0
1790069614.0253232,210,0,0,0
1790069614.2280734,207,0,0,0
1790069614.4351106,218,0,0,0
1790069614.6446438,210,0,0,0
1790069614.8381782,207,0,0,0
1790069615.0471578,210,0,0,0
1790069615.2548747,212,0,0,0
1790069615.4570022,214,0,0,0
1790069615.6374094,211,0,0,0
1790069615.866619,211,0,0,0
1790069616.0737715,225,0,0,0
1790069616.2763124,223,0,0,0
1790069616.4822917,211,0,0,0
1790069616.6435018,211,0,0,0
1790069616.8910794,209,0,0,0
1790069616.9774256,208,0,0,0
1790069617.297589,210,0,0,0
1790069617.5045636,209,0,0,0
1790069617.662729,207,0,0,0
1790069617.9157937,219,0,0,0
1790069618.1227794,218,0,0,0
1790069618.324297,219,0,0,0
1790069618.5255902,210,0,0,0
1790069618.664006,211,0,0,0
1790069618.9354718,209,0,0,0
1790069619.1432235,213,0,0,0
1790069619.3509462,223,0,0,0
1790069619.552889,209,0,0,0
1790069619.67083,221,0,0,0
1790069619.9630673,213,0,0,0
1790069620.1706524,210,0,0,0
1790069620.3717182,220,0,0,0
1790069620.5804253,206,0,0,0
1790069620.671149,208,0,0,0
1790069620.9834607,209,0,0,0
1790069621.1914306,216,0,0,0
1790069621.3933976,216,0,0,0
1790069621.6017435,216,0,0,0
1790069621.6918952,217,0,0,0
1790069622.0113883,218,0,0,0
1790069622.2126362,220,0,0,0
1790069622.4209254,224,0,0,0
1790069622.6260378,211,0,0,0
1790069622.6914513,220,0,0,0
1790069623.0316722,222,0,0,0
1790069623.240497,224,0,0,0
1790069623.441586,212,0,0,0
1790069623.6496246,210,0,0,0
1790069623.850873,221,0,0,0
1790069624.0582993,218,0,0,0
1790069624.2609951,217,0,0,0
1790069624.4693136,220,0,0,0
1790069624.6702523,221,0,0,0
1790069624.878188,222,0,0,0
1790069625.0175927,221,0,0,0
1790069625.287474,222,0,0,0
1790069625.6974523,212,0,0,0
1790069625.8991294,221,0,0,0
1790069626.1067507,219,0,0,0
1790069626.308377,219,0,0,0
1790069626.5173023,220,0,0,0
1790069626.6981533,219,0,0,0
1790069626.925589,208,0,0,0
1790069627.1279955,219,0,0,0
1790069627.3292265,220,0,0,0
1790069627.3502862,216,0,0,0
1790069627.551879,218,0,0,0
1790069628.3569982,215,0,0,0
1790069628.3747768,216,0,0,0
1790069628.7045863,219,0,0,0
1790069628.7939618,227,0,0,0
1790069629.1762064,229,0,0,0
1790069629.190102,232,0,0,0
1790069629.3915172,233,0,0,0
1790069629.5863216,231,0,0,0
1790069629.793026,229,0,0,0
1790069629.9961216,231,0,0,0
1790069630.2038198,232,0,0,0
1790069630.4057739,233,0,0,0
