unix_timestamp,yaw,pitch,roll
1790143990.929915,3.53,-0.71,-1.04
1790143991.1332195,3.53,-0.72,-1.04
1790143991.336996,3.53,-0.72,-1.04
1790143991.5436847,3.53,-0.72,-1.04
1790143991.9542615,3.53,-0.72,-1.04
1790143991.9542615,3.53,-0.72,-1.04
1790143992.2817516,3.53,-0.72,-1.04
1790143992.4367733,3.52,-0.72,-1.04
1790143992.7747858,3.54,-0.71,-1.04
1790143992.7762923,3.55,-0.71,-1.05
1790143992.9763935,3.57,-0.71,-1.05
1790143993.3879292,3.6,-0.71,-1.06
1790143993.3879292,3.62,-0.71,-1.06
1790143993.597679,3.63,-0.71,-1.06
1790143993.7921286,3.63,-0.71,-1.06
1790143994.1959229,3.68,-0.71,-1.07
1790143994.2120068,3.7,-0.71,-1.06
1790143994.4068952,3.72,-0.71,-1.07
1790143994.6162238,3.74,-0.71,-1.07
1790143994.8091183,3.74,-0.71,-1.07
1790143995.0175889,3.74,-0.71,-1.07
1790143995.4358032,3.75,-0.71,-1.06
1790143995.4358032,3.75,-0.7,-1.06
1790143995.6318226,3.75,-0.7,-1.06
1790143995.8257973,3.74,-0.71,-1.05
1790143996.2415142,3.74,-0.71,-1.04
1790143996.2575092,3.75,-0.71,-1.04
1790143996.4670963,3.73,-0.71,-1.03
1790143996.6594553,3.76,-0.71,-1.03
1790143996.8693674,3.76,-0.71,-1.02
1790143997.0764313,3.76,-0.71,-1.02
1790143997.2377362,3.77,-0.71,-1.02
1790143997.4464371,3.74,-0.63,-0.98
1790143997.6869376,3.74,-0.98,-0.96
1790143997.9044337,3.75,-0.96,-1.01
1790143998.089073,3.78,-1.02,-1.07
1790143998.281283,3.74,-0.91,-1.03
1790143998.4574828,3.76,-0.82,-1.04
1790143998.666355,3.77,-0.75,-1.0
1790143998.924842,3.77,-0.75,-0.92
1790143999.1648247,3.81,-0.84,-0.98
1790143999.3244932,3.81,-0.85,-0.93
1790143999.548056,4.18,-0.93,-0.89
1790143999.7391248,3.53,-0.91,-0.92
1790143999.9460495,3.55,-0.91,-0.92
1790144000.1457624,3.57,-0.91,-0.92
1790144000.3387997,3.57,-0.9,-0.91
1790144000.562913,3.58,-0.89,-0.91
1790144000.724233,3.59,-0.89,-0.9
1790144000.966767,3.59,-0.89,-0.9
1790144001.1648521,3.59,-0.88,-0.9
1790144001.3710773,3.66,-0.88,-0.9
1790144001.564602,3.66,-0.88,-0.9
1790144001.7857742,3.65,-0.88,-0.89
1790144001.9926195,3.65,-0.88,-0.88
1790144002.191814,3.67,-0.89,-0.87
1790144002.384281,3.65,-0.89,-0.86
1790144002.5936427,3.65,-0.89,-0.86
1790144002.8016758,3.65,-0.9,-0.85
1790144003.0111513,3.65,-0.89,-0.84
1790144003.2199895,3.65,-0.89,-0.84
1790144003.4136863,3.65,-0.9,-0.84
1790144003.632236,3.65,-0.89,-0.85
1790144003.832812,3.65,-0.89,-0.85
1790144004.033859,3.61,-0.89,-0.85
1790144004.2202306,3.64,-0.89,-0.85
1790144004.44661,3.62,-0.9,-0.84
1790144004.6562355,3.62,-0.89,-0.83
1790144004.851218,3.65,-0.89,-0.83
1790144005.0600069,3.63,-0.9,-0.81
1790144005.2705114,3.62,-0.91,-0.8
1790144005.4696052,7.42,-0.89,-0.78
1790144005.6411757,23.08,-0.72,-0.96
1790144005.8822567,40.18,-0.53,-1.15
1790144006.0812278,57.91,-0.27,-1.32
1790144006.2854724,75.79,0.05,-1.33
1790144006.4947782,93.69,0.35,-1.22
1790144006.6559024,111.65,0.57,-1.03
1790144006.9001155,129.64,0.73,-0.78
1790144007.1190722,147.63,0.8,-0.57
1790144007.3129387,165.6,0.81,-0.27
1790144007.4560041,-178.9,0.78,-0.02
1790144007.674673,-176.41,0.76,-0.01
1790144007.9213302,-176.44,0.77,0.0
1790144008.1294158,-176.55,0.77,0.01
1790144008.3238358,-176.55,0.77,0.02
1790144008.4548354,-176.55,0.77,0.03
1790144008.6774569,-176.55,0.77,0.03
1790144008.9509625,-176.6,0.77,0.03
1790144009.0635777,-176.59,0.77,0.03
1790144009.2615585,-176.72,0.84,0.05
1790144009.4663923,-176.67,0.55,0.05
1790144009.6626937,-176.6,0.55,-0.05
1790144009.9005663,-176.6,0.51,-0.04
1790144010.1089053,-176.64,0.53,-0.03
1790144010.3030784,-176.63,0.67,-0.05
1790144010.5436697,-176.68,0.7,-0.03
1790144010.6894562,-176.68,0.76,0.02
1790144010.8838034,-176.61,0.68,0.01
1790144011.1474206,-176.66,0.65,-0.01
1790144011.3977957,-176.66,0.52,-0.01
1790144011.6083438,-176.85,0.55,-0.04
1790144011.7207572,-176.86,0.56,-0.05
1790144012.017264,-176.84,0.57,-0.05
1790144012.1292248,-176.86,0.56,-0.05
1790144012.4056692,-176.87,0.56,-0.06
1790144012.6342185,-176.88,0.55,-0.06
1790144012.7329814,-176.89,0.55,-0.06
1790144013.0500891,-176.89,0.55,-0.06
1790144013.229518,-176.88,0.54,-0.06
1790144013.4532309,-176.91,0.54,-0.06
1790144013.6589563,-176.89,0.54,-0.06
1790144013.7383778,-176.9,0.54,-0.05
1790144014.0447376,-176.91,0.53,-0.05
1790144014.2706845,-176.9,0.53,-0.05
1790144014.479619,-176.9,0.54,-0.04
1790144014.6858208,-176.9,0.53,-0.04
1790144014.753819,-176.9,0.53,-0.03
1790144015.0971346,-176.9,0.53,-0.04
1790144015.2931974,-176.9,0.53,-0.04
1790144015.5009863,-176.9,0.53,-0.03
1790144015.7069287,-176.9,0.53,-0.04
1790144015.894222,-176.89,0.53,-0.03
1790144016.1074228,-176.87,0.54,-0.02
1790144016.3179216,-176.82,0.55,-0.01
1790144016.5275187,-176.79,0.56,0.01
1790144016.656385,-176.75,0.57,0.02
1790144016.929388,-176.72,0.57,0.03
1790144017.079894,-176.68,0.58,0.05
1790144017.3481565,168.78,0.65,-0.17
1790144017.5513384,152.01,0.66,-0.38
1790144017.753449,134.55,0.64,-0.59
1790144017.961195,116.72,0.59,-0.76
1790144018.167163,98.92,0.43,-0.97
1790144018.364426,93.38,0.42,-0.94
1790144018.5713973,93.43,0.43,-0.94
1790144018.7812533,93.46,0.44,-0.93
1790144018.9847336,93.47,0.44,-0.92
1790144019.1943896,93.52,0.45,-0.93
1790144019.3889232,93.5,0.45,-0.93
1790144019.5164838,93.51,0.45,-0.93
1790144019.6941621,93.6,0.55,-0.98
1790144019.9022894,93.69,0.36,-1.04
1790144020.1432366,93.54,0.18,-0.88
1790144020.2877023,93.49,0.28,-0.97
1790144020.4651258,93.44,0.22,-0.91
1790144020.724471,93.47,0.14,-0.9
1790144020.9241145,93.44,-0.04,-0.89
1790144021.1278255,93.45,-0.17,-0.87
1790144021.3647535,93.47,-0.28,-0.91
1790144021.5093527,93.44,-0.27,-0.92
1790144021.8318186,93.39,-0.31,-0.85
1790144022.0577748,93.78,-0.34,-0.88
1790144022.263757,93.51,-0.28,-0.91
1790144022.4542022,93.47,-0.28,-0.91
1790144022.5827405,93.41,-0.28,-0.92
1790144022.8244534,93.4,-0.29,-0.92
1790144023.0013723,93.39,-0.28,-0.92
1790144023.2870154,93.29,-0.28,-0.91
1790144023.494267,93.27,-0.28,-0.92
1790144023.6854918,93.27,-0.29,-0.92
1790144023.8286045,93.22,-0.29,-0.93
1790144024.1014,93.2,-0.28,-0.93
1790144024.1239445,93.17,-0.27,-0.94
1790144024.328319,93.16,-0.27,-0.94
1790144024.5209546,93.17,-0.28,-0.93
1790144024.8568127,93.14,-0.28,-0.94
1790144025.1300888,93.14,-0.28,-0.93
1790144025.1480649,93.13,-0.27,-0.94
1790144025.340827,93.12,-0.28,-0.94
1790144025.5331764,93.12,-0.27,-0.94
1790144025.751505,93.12,-0.27,-0.94
1790144025.9369123,93.12,-0.28,-0.94
1790144026.168192,93.12,-0.28,-0.94
1790144026.3561347,93.1,-0.27,-0.94
1790144026.7612128,93.14,-0.27,-0.94
1790144026.8577776,93.13,-0.27,-0.93
1790144026.9702432,93.14,-0.26,-0.93
1790144027.180188,93.16,-0.26,-0.94
1790144027.3771021,93.14,-0.26,-0.94
1790144027.5844195,93.15,-0.26,-0.94
1790144027.7992,93.15,-0.25,-0.94
1790144027.9802456,93.15,-0.26,-0.94
1790144028.2018828,93.19,-0.17,-0.93
1790144028.3943498,93.19,-0.46,-0.93
1790144028.6183517,93.19,-0.35,-0.93
1790144028.8123624,93.24,-0.47,-1.0
1790144029.0060759,93.19,-0.41,-0.95
1790144029.2018092,93.21,-0.26,-0.99
1790144029.4261515,93.24,-0.16,-0.96
1790144029.6360857,93.19,0.02,-1.06
1790144029.8458896,93.21,0.02,-1.06
1790144030.0383084,93.19,0.04,-0.99
1790144030.2506945,93.7,-0.02,-0.96
1790144030.4573894,93.77,-0.0,-0.98
1790144030.6676562,93.75,-0.0,-0.99
1790144030.8553424,93.75,0.0,-0.99
1790144031.0795949,93.76,0.01,-1.0
1790144031.268464,93.76,0.01,-1.0
1790144031.4773314,93.74,0.01,-1.01
1790144031.6835928,93.74,0.01,-1.02
1790144031.8894346,93.76,0.02,-1.03
1790144032.0812807,93.68,0.02,-1.04
1790144032.2953632,93.67,0.02,-1.04
1790144032.5006492,93.66,0.02,-1.04
1790144032.7108989,93.67,0.02,-1.04
1790144032.903366,93.68,0.02,-1.05
1790144033.1120417,93.67,0.02,-1.05
1790144033.3220513,93.67,0.03,-1.05
1790144033.5317862,93.68,0.03,-1.05
1790144033.7298982,93.67,0.03,-1.05
1790144033.9045496,93.66,0.03,-1.05
1790144034.133525,93.66,0.03,-1.06
1790144034.3404837,93.67,0.03,-1.06
1790144034.5506039,93.63,0.03,-1.07
1790144034.7439783,93.65,0.04,-1.07
1790144034.9368026,93.61,0.04,-1.07
1790144035.16582,93.61,0.04,-1.07
1790144035.3723853,93.64,0.05,-1.08
1790144035.504106,93.63,0.05,-1.08
1790144035.778118,93.63,0.05,-1.08
1790144035.9209259,93.62,0.05,-1.07
1790144036.1790345,75.55,-0.17,-1.17
1790144036.388459,58.41,-0.4,-1.04
1790144036.598909,40.75,-0.6,-0.93
1790144036.796409,22.82,-0.77,-0.74
1790144036.9267073,6.64,-0.82,-0.5
1790144037.2113705,3.87,-0.8,-0.49
1790144037.4057178,3.86,-0.79,-0.5
1790144037.5516086,3.86,-0.78,-0.5
1790144037.8333466,3.91,-0.77,-0.5
1790144037.9336956,3.92,-0.76,-0.51
1790144038.2351882,3.87,-0.76,-0.5
1790144038.3515427,3.92,-0.76,-0.51
1790144038.6000395,3.95,-0.66,-0.56
1790144038.7452755,3.96,-0.91,-0.58
1790144038.939857,3.9,-0.86,-0.53
1790144039.1787982,3.91,-0.84,-0.59
1790144039.3858159,3.91,-0.79,-0.56
1790144039.5594962,3.9,-0.76,-0.6
1790144039.7662876,3.92,-0.86,-0.56
1790144039.968902,3.96,-0.97,-0.56
1790144040.1971536,3.94,-0.97,-0.56
1790144040.4051561,3.91,-0.94,-0.57
1790144040.6995027,3.87,-0.98,-0.53
1790144040.890871,3.92,-0.97,-0.5
1790144041.1002953,3.93,-0.96,-0.5
1790144041.2992144,3.98,-0.95,-0.52
1790144041.427875,3.94,-0.95,-0.53
1790144041.6868415,3.95,-0.95,-0.53
1790144041.9279144,3.96,-0.95,-0.53
1790144042.1245518,3.95,-0.95,-0.54
1790144042.330697,3.95,-0.95,-0.55
1790144042.5246277,3.96,-0.95,-0.56
1790144042.736689,3.93,-0.95,-0.55
1790144042.9438033,3.93,-0.94,-0.55
1790144043.1526241,3.95,-0.94,-0.55
1790144043.3325155,3.92,-0.93,-0.56
1790144043.571295,3.93,-0.94,-0.55
1790144043.7665298,3.92,-0.93,-0.55
1790144043.9759243,3.92,-0.93,-0.54
1790144044.1688328,3.92,-0.93,-0.54
1790144044.3864627,3.92,-0.93,-0.55
1790144044.5886042,3.92,-0.93,-0.54
1790144044.7981386,3.92,-0.93,-0.54
1790144044.9914079,3.92,-0.93,-0.55
1790144045.1765368,3.9,-0.94,-0.54
1790144045.3951035,3.88,-0.95,-0.53
1790144045.6101677,3.91,-0.96,-0.52
1790144045.8127754,3.92,-0.97,-0.52
1790144045.941556,3.92,-0.97,-0.51
1790144046.2209747,3.91,-0.98,-0.51
1790144046.631142,14.49,-0.92,-0.61
1790144046.8404238,35.19,-0.8,-0.94
1790144047.0288064,48.28,-0.7,-1.08
1790144047.2396774,70.53,-0.4,-1.37
1790144047.4463532,88.42,-0.08,-1.34
1790144047.6582713,94.39,0.0,-1.3
1790144047.863427,94.5,-0.0,-1.31
1790144048.0307639,94.5,-0.01,-1.31
1790144048.27379,94.47,-0.02,-1.3
1790144048.4686646,94.44,-0.03,-1.29
1790144048.679507,94.45,-0.03,-1.27
1790144048.7977705,94.44,-0.03,-1.26
1790144048.994273,94.41,-0.0,-1.24
1790144049.1307983,94.59,-0.1,-1.21
1790144049.3877537,94.52,-0.26,-1.27
1790144049.5805166,94.5,-0.19,-1.27
1790144049.758654,94.43,-0.2,-1.26
1790144049.9674284,94.48,-0.1,-1.26
1790144050.1641388,94.47,-0.08,-1.24
1790144050.4664707,94.45,-0.07,-1.27
1790144050.6116526,94.45,-0.06,-1.25
1790144050.8093998,94.48,-0.03,-1.28
1790144051.061056,94.42,-0.03,-1.27
1790144051.3383353,94.67,-0.04,-1.26
1790144051.5466886,94.63,-0.04,-1.25
1790144051.7480092,94.65,-0.04,-1.24
1790144051.8605683,94.63,-0.05,-1.24
1790144052.0688696,94.65,-0.06,-1.23
1790144052.1967926,94.65,-0.06,-1.23
1790144052.5666647,94.61,-0.08,-1.22
1790144052.7755182,94.61,-0.09,-1.21
1790144052.957831,94.65,-0.1,-1.21
1790144053.0805464,94.57,-0.11,-1.21
1790144053.3873222,94.55,-0.12,-1.21
1790144053.5967805,94.55,-0.13,-1.21
1790144053.7735295,94.57,-0.14,-1.2
1790144054.0033915,94.55,-0.15,-1.21
1790144054.1003187,94.57,-0.16,-1.2
1790144054.4176502,94.57,-0.17,-1.19
1790144054.613339,94.58,-0.17,-1.19
1790144054.8199775,94.58,-0.17,-1.19
1790144055.0315044,94.57,-0.17,-1.19
1790144055.1070936,94.57,-0.17,-1.19
1790144055.441308,94.58,-0.17,-1.19
1790144055.6160715,94.58,-0.17,-1.19
1790144055.8396237,94.54,-0.17,-1.2
1790144056.0465322,94.55,-0.17,-1.21
1790144056.1139624,94.54,-0.16,-1.22
1790144056.3835642,94.53,-0.17,-1.22
1790144056.657865,94.51,-0.17,-1.23
1790144056.6773942,94.52,-0.17,-1.25
1790144056.8833036,86.01,-0.28,-1.28
1790144057.0762568,69.94,-0.54,-1.17
1790144057.2843444,52.62,-0.71,-0.97
1790144057.4821143,34.79,-0.89,-0.73
1790144057.7061493,16.91,-0.96,-0.48
1790144057.895547,5.16,-0.97,-0.3
1790144058.1048253,4.59,-0.95,-0.35
1790144058.5219066,4.58,-0.95,-0.36
1790144058.529652,4.58,-0.95,-0.36
1790144058.7169206,4.67,-0.95,-0.37
1790144058.9250753,4.67,-0.95,-0.36
1790144059.1225874,4.69,-0.95,-0.36
1790144059.358402,4.66,-0.95,-0.36
1790144059.5551765,4.72,-0.87,-0.46
1790144059.7452397,4.65,-1.16,-0.35
1790144059.9702437,4.63,-1.02,-0.41
1790144060.1480083,4.62,-1.1,-0.35
1790144060.3899748,4.67,-0.84,-0.32
1790144060.5662732,4.64,-0.64,-0.33
1790144060.767079,4.64,-0.51,-0.4
1790144061.0369105,4.59,-0.51,-0.38
1790144061.1807232,4.61,-0.52,-0.38
1790144061.3905816,4.61,-0.51,-0.36
1790144061.5836308,4.99,-0.61,-0.36
1790144061.9877183,4.86,-0.51,-0.4
1790144061.9877183,4.78,-0.51,-0.39
1790144062.2812967,4.76,-0.52,-0.4
1790144062.39896,4.75,-0.52,-0.39
1790144062.8122997,4.75,-0.52,-0.39
1790144062.8122997,4.73,-0.51,-0.39
1790144063.0058286,4.72,-0.51,-0.39
1790144063.3877132,4.69,-0.51,-0.39
1790144063.6258502,4.71,-0.51,-0.39
1790144063.6419358,4.68,-0.51,-0.38
1790144063.8479307,4.68,-0.51,-0.38
1790144064.0391457,4.65,-0.51,-0.37
1790144064.444234,4.68,-0.51,-0.38
1790144064.460159,4.66,-0.51,-0.38
1790144064.6698966,4.67,-0.51,-0.38
1790144064.86295,4.67,-0.51,-0.37
1790144065.0594447,4.67,-0.51,-0.37
1790144065.2664185,4.67,-0.51,-0.37
1790144065.477069,4.67,-0.51,-0.37
1790144065.684816,4.67,-0.51,-0.37
1790144065.877571,4.64,-0.51,-0.37
1790144066.069935,4.68,-0.51,-0.37
1790144066.2959852,4.68,-0.5,-0.37
1790144066.49688,4.7,-0.49,-0.36
1790144066.6999977,4.69,-0.49,-0.36
1790144066.9099414,4.74,-0.48,-0.37
1790144067.1082752,4.76,-0.47,-0.37
1790144067.3152704,4.33,-0.45,-0.41
1790144067.522659,-11.44,-0.5,-0.3
1790144067.7302852,-28.37,-0.43,-0.22
1790144067.9242318,-45.96,-0.31,-0.12
1790144068.1347842,-63.84,-0.23,-0.02
1790144068.3264506,-81.11,-0.09,0.05
1790144068.5353363,-84.76,-0.01,0.08
1790144068.746327,-84.7,0.01,0.06
1790144068.9375637,-84.68,0.02,0.06
1790144069.1557455,-84.56,0.03,0.06
1790144069.3628361,-84.56,0.03,0.06
1790144069.568,-84.58,0.02,0.06
1790144069.6975372,-84.54,0.02,0.07
1790144069.939446,-84.14,0.15,-0.01
1790144070.1331651,-84.42,-0.08,0.03
1790144070.3407423,-84.52,0.0,0.03
1790144070.521447,-84.58,0.02,0.04
1790144070.726966,-84.6,0.16,0.06
1790144070.9044955,-84.54,0.18,0.02
1790144071.0968666,-84.55,0.14,0.06
1790144071.3669589,-84.57,0.09,0.17
1790144071.624644,-84.54,0.0,0.18
1790144071.7485273,-84.58,0.01,0.21
1790144072.0255084,-84.44,-0.09,0.25
1790144072.2292223,-84.2,-0.05,0.22
1790144072.4375474,-84.2,-0.04,0.22
1790144072.6418524,-84.24,-0.05,0.23
1790144072.758019,-84.22,-0.04,0.23
1790144073.027275,-84.23,-0.05,0.23
1790144073.2545402,-84.27,-0.05,0.24
1790144073.4641857,-84.28,-0.05,0.25
1790144073.672443,-84.29,-0.05,0.24
1790144073.865969,-84.3,-0.05,0.24
1790144074.0757222,-84.33,-0.05,0.24
1790144074.2700522,-84.33,-0.06,0.23
1790144074.4783201,-84.34,-0.06,0.23
1790144074.6530378,-84.32,-0.06,0.23
1790144074.895738,-84.32,-0.07,0.23
1790144075.0888693,-84.33,-0.06,0.23
1790144075.3147361,-84.33,-0.07,0.24
1790144075.5077558,-84.34,-0.07,0.24
1790144075.710664,-84.33,-0.07,0.24
1790144075.9113643,-84.33,-0.07,0.25
1790144076.1212595,-84.32,-0.08,0.24
1790144076.314902,-84.35,-0.08,0.24
1790144076.508311,-84.37,-0.08,0.24
1790144076.7323327,-84.38,-0.09,0.25
1790144076.9456687,-84.37,-0.09,0.26
1790144077.1521773,-84.35,-0.09,0.26
1790144077.2845774,-84.38,-0.09,0.26
1790144077.557164,-84.39,-0.09,0.27
1790144077.752402,-84.39,-0.09,0.27
1790144077.9593694,-73.24,-0.19,0.37
1790144078.1682847,-56.79,-0.39,0.29
1790144078.3303225,-39.37,-0.57,0.11
1790144078.4389305,-21.49,-0.74,-0.11
1790144078.7860284,0.64,-0.79,-0.35
1790144078.9936833,5.54,-0.8,-0.42
1790144079.1857207,5.5,-0.8,-0.41
1790144079.3447087,5.49,-0.79,-0.39
1790144079.6010091,5.46,-0.79,-0.39
1790144079.8076468,5.43,-0.79,-0.38
1790144080.0146506,5.44,-0.79,-0.38
1790144080.1340377,5.41,-0.79,-0.37
1790144080.3189387,5.44,-0.74,-0.39
1790144080.5154188,5.32,-0.85,-0.35
1790144080.767765,5.45,-0.92,-0.41
1790144080.8975735,5.47,-0.8,-0.45
1790144081.105013,5.44,-0.89,-0.5
1790144081.3147597,5.48,-0.94,-0.56
1790144081.4758563,5.47,-1.04,-0.54
1790144081.7331405,5.43,-1.14,-0.57
1790144081.9427922,5.46,-1.12,-0.55
1790144082.1375582,5.47,-1.1,-0.6
1790144082.3793588,5.5,-1.18,-0.67
1790144082.678374,5.6,-1.16,-0.64
1790144082.8791523,5.62,-1.16,-0.65
1790144082.9315672,5.63,-1.17,-0.66
1790144083.1967313,5.63,-1.18,-0.66
1790144083.3899374,5.64,-1.19,-0.66
1790144083.5826726,5.66,-1.19,-0.66
1790144083.9037738,5.65,-1.2,-0.67
1790144084.1142592,5.66,-1.2,-0.67
1790144084.3111787,5.67,-1.21,-0.68
1790144084.404718,5.68,-1.21,-0.69
1790144084.7246284,5.67,-1.21,-0.7
1790144084.9175768,5.71,-1.22,-0.71
1790144085.132971,5.71,-1.22,-0.71
1790144085.3202171,5.7,-1.23,-0.71
1790144085.4169962,5.71,-1.23,-0.71
1790144085.739409,5.71,-1.23,-0.71
1790144085.9495723,5.7,-1.23,-0.7
1790144086.1589992,5.7,-1.23,-0.69
1790144086.180992,5.71,-1.23,-0.69
1790144086.4171617,5.7,-1.23,-0.69
1790144086.7740204,5.7,-1.23,-0.69
1790144086.9701648,5.7,-1.22,-0.69
1790144087.1500723,5.71,-1.22,-0.69
1790144087.3806384,5.66,-1.23,-0.69
1790144087.4345257,5.69,-1.23,-0.69
1790144087.795977,5.7,-1.24,-0.7
1790144088.0004117,5.7,-1.23,-0.7
1790144088.2090669,5.71,-1.24,-0.7
1790144088.2253451,5.72,-1.25,-0.7
1790144088.4406471,5.72,-1.26,-0.7
1790144088.6528537,5.72,-1.25,-0.7
1790144088.8259666,5.53,-1.19,-0.7
1790144089.0505183,5.45,-1.4,-0.68
1790144089.243201,5.52,-1.19,-0.76
1790144089.4366634,5.46,-1.11,-0.77
1790144089.743625,5.52,-1.01,-0.79
1790144089.8886306,5.55,-1.07,-0.87
1790144090.0692816,5.55,-1.11,-0.88
1790144090.2587273,5.54,-1.1,-0.92
1790144090.5178862,5.51,-1.12,-0.9
1790144090.6613925,5.57,-1.14,-0.95
1790144090.8710656,5.96,-1.19,-0.89
1790144091.0796337,5.6,-1.16,-0.96
1790144091.2872992,5.6,-1.16,-0.97
1790144091.4791605,5.61,-1.17,-0.97
1790144091.6884823,5.61,-1.17,-0.97
1790144091.8825727,5.57,-1.17,-0.97
1790144092.0942428,5.6,-1.16,-0.97
1790144092.3012042,5.62,-1.16,-0.98
1790144092.4797204,5.65,-1.16,-0.99
1790144092.9154649,5.64,-1.16,-0.99
1790144092.9154649,5.66,-1.15,-0.99
1790144093.1241865,5.67,-1.15,-1.0
1790144093.3191702,5.71,-1.16,-1.0
1790144093.4964895,5.7,-1.16,-1.01
1790144093.7387354,5.73,-1.16,-1.01
1790144093.9381375,5.74,-1.16,-1.02
1790144094.1452017,5.75,-1.16,-1.02
1790144094.3520672,5.75,-1.16,-1.02
1790144094.544587,5.75,-1.16,-1.02
1790144094.7694917,5.75,-1.16,-1.02
1790144094.962844,5.75,-1.16,-1.02
1790144095.1730697,5.77,-1.16,-1.02
1790144095.3642526,5.77,-1.16,-1.02
1790144095.522903,5.79,-1.16,-1.01
1790144095.7874362,5.83,-1.15,-1.01
1790144095.9835422,5.88,-1.15,-1.0
1790144096.1921127,5.87,-1.15,-1.0
1790144096.4014442,5.9,-1.14,-1.0
1790144096.5962708,7.93,-1.11,-0.97
1790144096.8045871,27.79,-0.8,-1.28
1790144097.0143294,45.04,-0.5,-1.54
1790144097.2071338,62.76,-0.15,-1.68
1790144097.3841128,80.65,0.24,-1.69
1790144097.6304367,94.37,0.51,-1.51
1790144097.838021,96.33,0.53,-1.49
1790144098.041207,96.35,0.58,-1.45
1790144098.253472,96.34,0.58,-1.46
1790144098.4384756,96.26,0.57,-1.47
1790144098.6514974,96.3,0.57,-1.49
1790144098.856448,96.38,0.57,-1.49
1790144098.9695082,96.45,0.59,-1.48
1790144099.1770916,96.46,0.73,-1.4
1790144099.4204478,96.53,0.5,-1.38
1790144099.6293445,96.55,0.5,-1.37
1790144099.8249516,96.59,0.53,-1.38
1790144099.999516,96.59,0.42,-1.37
1790144100.2567978,96.66,0.38,-1.33
1790144100.4651074,96.68,0.25,-1.28
1790144100.6987197,96.68,0.25,-1.23
1790144100.8495948,96.71,0.24,-1.29
1790144101.1026363,96.72,0.23,-1.25
1790144101.3150277,96.83,0.14,-1.26
1790144101.5198216,96.45,0.16,-1.29
1790144101.7232664,96.47,0.15,-1.29
1790144101.9253252,96.52,0.15,-1.28
1790144102.0484831,96.52,0.16,-1.27
1790144102.3031104,96.57,0.16,-1.26
1790144102.5424385,96.56,0.17,-1.25
1790144102.748665,96.62,0.18,-1.24
1790144102.9549487,96.67,0.18,-1.23
1790144103.1296077,96.68,0.19,-1.23
1790144103.3521092,96.71,0.19,-1.23
1790144103.5579486,96.73,0.2,-1.23
1790144103.764751,96.75,0.2,-1.23
1790144103.939161,96.78,0.2,-1.22
1790144104.1808395,96.85,0.21,-1.22
1790144104.3864021,96.85,0.22,-1.21
1790144104.585009,96.89,0.22,-1.21
1790144104.7988713,96.91,0.23,-1.21
1790144104.989803,96.93,0.23,-1.2
1790144105.199699,96.96,0.24,-1.2
1790144105.4068503,96.99,0.24,-1.19
1790144105.5907097,97.01,0.25,-1.19
1790144105.7704468,97.02,0.24,-1.2
1790144106.0278792,97.04,0.25,-1.2
1790144106.2199457,97.08,0.26,-1.19
1790144106.422928,97.16,0.27,-1.19
1790144106.5662875,97.16,0.27,-1.18
1790144106.8371537,97.18,0.28,-1.17
1790144107.0486064,97.21,0.29,-1.17
1790144107.253757,111.94,0.5,-1.03
1790144107.4588356,128.78,0.65,-0.87
1790144107.5861888,146.43,0.73,-0.63
1790144107.8570802,164.22,0.78,-0.44
1790144108.064378,-175.53,0.73,-0.07
1790144108.27105,-173.01,0.7,-0.04
1790144108.4785235,-173.01,0.72,-0.02
1790144108.6043653,-172.98,0.73,-0.01
1790144108.889427,-173.04,0.73,-0.02
1790144109.091121,-172.99,0.73,-0.01
1790144109.3052256,-172.97,0.73,-0.01
1790144109.4651387,-172.99,0.74,-0.01
1790144109.5906649,-172.99,0.76,0.01
1790144109.8064008,-173.04,0.66,0.05
1790144110.0072505,-172.92,0.39,-0.04
1790144110.2471592,-172.87,0.42,-0.02
1790144110.3864803,-172.89,0.23,-0.08
1790144110.577681,-172.89,0.48,-0.11
1790144110.8178566,-172.91,0.68,-0.07
1790144111.0296779,-172.89,0.85,-0.08
1790144111.264131,-172.85,0.91,-0.09
1790144111.4075933,-172.85,0.8,-0.08
1790144111.5979195,-172.84,0.8,-0.11
1790144111.962602,-173.22,0.75,-0.15
1790144112.169251,-173.21,0.75,-0.16
1790144112.3740613,-173.19,0.75,-0.16
1790144112.4853542,-173.16,0.75,-0.16
1790144112.6281955,-173.14,0.74,-0.17
1790144112.977753,-173.14,0.73,-0.17
1790144113.1850724,-173.11,0.73,-0.17
1790144113.391939,-173.09,0.72,-0.18
1790144113.5689528,-172.96,0.73,-0.18
1790144113.8107717,-172.94,0.72,-0.18
1790144114.0048745,-172.92,0.72,-0.18
1790144114.2195287,-172.91,0.72,-0.19
1790144114.3922832,-172.87,0.71,-0.2
1790144114.634917,-172.86,0.71,-0.21
1790144114.634917,-172.85,0.71,-0.22
1790144114.8488297,-172.83,0.71,-0.22
1790144115.0384784,-172.82,0.71,-0.22
1790144115.2488816,-172.82,0.71,-0.22
1790144115.6196713,-172.82,0.71,-0.22
1790144115.849206,-172.83,0.71,-0.22
1790144115.8625178,-172.82,0.7,-0.22
1790144116.2473733,-172.81,0.7,-0.22
1790144116.462553,-172.8,0.7,-0.22
1790144116.4731553,-172.79,0.7,-0.22
1790144116.8785527,-172.78,0.7,-0.23
1790144116.8785527,-172.77,0.7,-0.23
1790144117.0844219,-172.76,0.69,-0.23
1790144117.277503,-172.75,0.7,-0.23
1790144117.506223,-168.94,0.73,-0.1
1790144117.9032843,-153.19,0.65,0.05
1790144117.9032843,-131.66,0.46,0.23
1790144118.1008048,-113.85,0.21,0.33
1790144118.3271499,-95.92,-0.05,0.37
1790144118.517835,-78.01,-0.27,0.39
1790144118.7285385,-59.96,-0.5,0.28
1790144118.921404,-42.07,-0.62,0.19
1790144119.1322649,-24.03,-0.78,-0.05
1790144119.3379173,-6.01,-0.85,-0.36
1790144119.5480187,6.42,-0.86,-0.57
1790144119.7502244,7.46,-0.84,-0.54
1790144120.1538994,7.45,-0.82,-0.5
1790144120.1611233,7.44,-0.82,-0.51
1790144120.3550553,7.46,-0.82,-0.5
1790144120.5645466,7.48,-0.82,-0.5
1790144120.7577918,7.48,-0.82,-0.5
1790144120.967117,7.5,-0.82,-0.5
1790144121.1760519,7.53,-0.81,-0.5
1790144121.3512092,7.41,-0.71,-0.43
1790144121.5450447,7.46,-0.98,-0.49
1790144121.8036447,7.48,-0.92,-0.47
1790144121.9793348,7.52,-0.93,-0.56
1790144122.1887608,7.49,-0.65,-0.62
1790144122.381241,7.51,-0.47,-0.55
1790144122.606909,7.52,-0.38,-0.62
1790144122.769025,7.44,-0.43,-0.62
1790144122.9700336,7.43,-0.57,-0.61
1790144123.2164965,7.44,-0.65,-0.62
1790144123.4261386,7.78,-0.79,-0.62
1790144123.6366277,7.53,-0.66,-0.62
1790144123.829609,7.5,-0.69,-0.62
1790144124.0389662,7.46,-0.7,-0.62
1790144124.2518823,7.46,-0.7,-0.62
1790144124.425982,7.45,-0.7,-0.62
1790144124.6551187,7.44,-0.7,-0.63
1790144124.8597624,7.43,-0.7,-0.63
1790144125.0694602,7.43,-0.7,-0.64
1790144125.2463317,7.47,-0.69,-0.64
1790144125.4719074,7.47,-0.69,-0.65
1790144125.6850073,7.46,-0.69,-0.66
1790144125.8904734,7.45,-0.69,-0.66
1790144126.0678318,7.46,-0.69,-0.67
1790144126.2940328,7.45,-0.69,-0.68
1790144126.5021393,7.45,-0.69,-0.68
1790144126.712493,7.44,-0.68,-0.68
1790144126.9040759,7.44,-0.68,-0.68
1790144127.1137378,7.44,-0.68,-0.68
1790144127.3204596,7.44,-0.68,-0.68
1790144127.463411,7.44,-0.68,-0.68
1790144127.7339046,7.42,-0.69,-0.69
1790144127.9132698,7.46,-0.69,-0.68
1790144128.1317782,7.45,-0.69,-0.67
1790144128.3420558,7.47,-0.69,-0.67
1790144128.4557893,7.51,-0.69,-0.67
1790144128.7620194,7.49,-0.69,-0.67
1790144128.907861,7.51,-0.69,-0.67
1790144129.1640828,-0.21,-0.72,-0.6
1790144129.373785,-16.22,-0.77,-0.46
1790144129.4885728,-33.61,-0.77,-0.29
1790144129.7791862,-51.34,-0.68,-0.05
1790144129.9856832,-69.26,-0.59,0.15
1790144130.182911,-81.58,-0.42,0.25
1790144130.390305,-82.5,-0.4,0.28
1790144130.487206,-82.49,-0.4,0.29
1790144130.792566,-82.34,-0.39,0.29
1790144131.009156,-82.33,-0.4,0.29
1790144131.2098732,-82.33,-0.4,0.29
1790144131.3189201,-82.27,-0.4,0.29
1790144131.5269406,-82.2,-0.34,0.26
1790144131.7678502,-82.22,-0.54,0.21
1790144131.960433,-82.24,-0.61,0.28
1790144132.1102712,-82.26,-0.51,0.32
1790144132.2999833,-82.25,-0.67,0.28
1790144132.5381825,-82.22,-0.6,0.24
1790144132.7483664,-82.18,-0.74,0.26
1790144132.9408891,-82.21,-0.81,0.28
1790144133.1203067,-82.19,-0.82,0.36
1790144133.328576,-82.17,-0.87,0.37
1790144133.6635063,-82.15,-0.89,0.43
1790144133.8335862,-81.99,-0.85,0.44
1790144134.0827029,-82.01,-0.84,0.44
1790144134.2870626,-82.0,-0.83,0.44
1790144134.4006941,-81.99,-0.83,0.43
1790144134.6888773,-81.99,-0.83,0.43
1790144134.8414695,-81.97,-0.83,0.43
1790144135.1071417,-81.96,-0.82,0.43
1790144135.2990382,-81.95,-0.82,0.43
1790144135.5116405,-81.94,-0.82,0.43
1790144135.6804993,-81.96,-0.81,0.43
1790144135.838729,-81.94,-0.81,0.44
1790144136.1252377,-81.91,-0.81,0.43
1790144136.3354373,-81.9,-0.81,0.44
1790144136.5135674,-81.91,-0.82,0.44
1790144136.7408726,-81.87,-0.82,0.44
1790144136.8529005,-81.87,-0.81,0.45
1790144137.1467094,-81.86,-0.81,0.45
1790144137.1574223,-81.85,-0.81,0.45
1790144137.5628443,-81.85,-0.81,0.45
1790144137.769518,-81.85,-0.81,0.45
1790144137.8661427,-81.85,-0.81,0.45
1790144137.9781713,-81.85,-0.81,0.45
1790144138.1883364,-81.84,-0.81,0.46
1790144138.5764427,-81.81,-0.82,0.46
1790144138.7861764,-81.79,-0.83,0.48
1790144138.8053296,-81.76,-0.83,0.49
1790144138.994465,-81.75,-0.82,0.49
1790144139.2041187,-81.7,-0.83,0.5
1790144139.395831,-81.69,-0.83,0.51
1790144139.6393688,-81.65,-0.82,0.53
1790144139.8305209,-81.73,-0.76,0.53
1790144140.0589304,-81.83,-0.98,0.57
1790144140.2608716,-81.7,-0.83,0.62
1790144140.4433038,-81.71,-0.58,0.62
1790144140.650671,-81.68,-0.23,0.63
1790144140.827569,-81.62,0.03,0.66
1790144141.0367637,-81.59,-0.05,0.69
1790144141.2295022,-81.61,-0.07,0.78
1790144141.4220762,-81.55,-0.15,0.77
1790144141.6476395,-81.54,-0.16,0.81
1790144141.9053853,-81.4,-0.2,0.86
1790144142.0697114,-81.42,-0.18,0.87
1790144142.271374,-81.38,-0.19,0.89
1790144142.4801955,-81.36,-0.19,0.89
1790144142.6736612,-81.35,-0.19,0.89
1790144142.8507886,-81.36,-0.19,0.89
1790144143.1081104,-81.34,-0.19,0.89
1790144143.28442,-81.32,-0.19,0.89
1790144143.5071676,-81.28,-0.19,0.89
1790144143.6820052,-81.3,-0.19,0.89
1790144143.9079185,-81.29,-0.19,0.89
1790144144.1168716,-81.27,-0.19,0.89
1790144144.3229547,-81.22,-0.2,0.89
1790144144.521246,-81.24,-0.19,0.89
1790144144.7267137,-81.2,-0.19,0.88
1790144144.9361973,-81.18,-0.2,0.88
1790144145.1323044,-81.16,-0.2,0.88
1790144145.3398309,-81.16,-0.19,0.88
1790144145.5172076,-81.16,-0.2,0.88
1790144145.746816,-81.16,-0.2,0.88
1790144145.9389098,-81.16,-0.2,0.88
1790144146.165225,-81.17,-0.2,0.88
1790144146.35962,-81.13,-0.19,0.88
1790144146.5806508,-81.13,-0.19,0.88
1790144146.776985,-81.1,-0.19,0.89
1790144146.9662051,-81.06,-0.18,0.88
1790144147.1762214,-81.07,-0.18,0.88
1790144147.4037313,-81.04,-0.18,0.88
1790144147.6004252,-81.02,-0.18,0.88
1790144147.705409,-81.01,-0.18,0.88
1790144147.9619544,-80.95,-0.09,0.86
1790144148.156225,-81.02,-0.36,0.86
1790144148.3536165,-81.07,-0.29,0.89
1790144148.558923,-81.1,-0.44,0.92
1790144148.807553,-81.07,-0.45,0.87
1790144148.976234,-81.06,-0.43,0.88
1790144149.203489,-81.01,-0.4,0.81
1790144149.4434118,-81.04,-0.38,0.84
1790144149.589543,-81.04,-0.47,0.84
1790144149.7839704,-80.99,-0.48,0.82
1790144150.0076463,-80.93,-0.54,0.81
1790144150.2497737,-81.02,-0.52,0.87
1790144150.463889,-81.0,-0.51,0.86
1790144150.6251383,-80.99,-0.51,0.86
1790144150.8600385,-80.99,-0.51,0.86
1790144151.0306478,-81.01,-0.5,0.86
1790144151.2768903,-81.0,-0.5,0.85
1790144151.4837382,-80.96,-0.49,0.84
1790144151.657973,-81.0,-0.49,0.83
1790144151.898706,-81.01,-0.49,0.82
1790144152.0073147,-81.01,-0.48,0.82
1790144152.3116992,-80.98,-0.47,0.81
1790144152.4895332,-81.0,-0.47,0.81
1790144152.7160907,-80.97,-0.46,0.81
1790144152.9285357,-80.96,-0.46,0.8
1790144153.1177368,-80.94,-0.45,0.8
1790144153.3270378,-80.94,-0.45,0.79
1790144153.5365493,-80.93,-0.45,0.8
1790144153.7450778,-80.94,-0.45,0.8
1790144153.9464831,-80.94,-0.45,0.8
1790144154.1506953,-80.98,-0.45,0.79
1790144154.323692,-80.94,-0.45,0.79
1790144154.5541615,-80.92,-0.45,0.79
1790144154.7601056,-80.91,-0.45,0.8
1790144154.9695017,-80.87,-0.45,0.8
1790144155.0991042,-80.91,-0.45,0.8
1790144155.3739076,-80.89,-0.45,0.8
1790144155.5841303,-80.88,-0.45,0.8
1790144155.7809222,-94.48,-0.17,0.81
1790144155.9893339,-111.26,0.18,0.85
1790144156.082683,-128.86,0.55,0.71
1790144156.4039612,-146.59,0.81,0.43
1790144156.5974214,-164.58,1.07,0.17
1790144156.8091838,-171.02,1.12,-0.0
1790144157.0199409,-171.03,1.12,0.01
1790144157.0803783,-171.02,1.12,0.01
1790144157.4204636,-171.0,1.12,0.0
1790144157.624854,-170.98,1.13,0.01
1790144157.8340163,-170.99,1.13,0.01
1790144157.948843,-170.98,1.14,0.01
1790144158.1520884,-170.93,1.26,-0.06
1790144158.3480682,-171.05,0.95,-0.12
1790144158.5448256,-171.05,0.86,-0.02
1790144158.7175229,-171.04,0.87,-0.01
1790144158.9285388,-171.05,0.69,0.01
1790144159.1211972,-171.02,0.87,-0.02
1790144159.427409,-170.98,1.01,0.01
1790144159.5662088,-171.04,1.22,0.0
1790144159.809045,-171.06,1.39,0.12
1790144159.9479187,-171.03,1.3,0.12
1790144160.2840014,-171.07,1.18,0.15
1790144160.495392,-170.73,1.22,0.17
1790144160.7056627,-170.9,1.21,0.17
1790144160.9104702,-170.91,1.22,0.17
1790144161.0215302,-170.99,1.22,0.17
1790144161.294021,-170.98,1.22,0.17
1790144161.5202994,-171.03,1.23,0.17
1790144161.6007133,-171.05,1.23,0.18
1790144161.9249015,-171.06,1.24,0.17
1790144162.0990195,-171.07,1.24,0.17
1790144162.3419085,-171.12,1.25,0.17
1790144162.550259,-171.13,1.26,0.17
1790144162.7473052,-171.14,1.27,0.18
1790144162.921973,-171.13,1.27,0.18
1790144163.147861,-171.13,1.27,0.18
1790144163.3582995,-171.15,1.28,0.18
1790144163.568698,-171.17,1.28,0.18
1790144163.7785475,-171.17,1.28,0.18
1790144163.9763296,-171.17,1.28,0.18
1790144164.103816,-171.17,1.28,0.18
1790144164.390214,-171.17,1.28,0.18
1790144164.5033817,-171.17,1.28,0.18
1790144164.6795206,-171.17,1.28,0.19
1790144164.9194193,-171.2,1.28,0.19
1790144165.1478345,-171.2,1.28,0.19
1790144165.2717032,-171.19,1.28,0.19
1790144165.6089618,-171.2,1.28,0.2
1790144165.818482,-171.19,1.28,0.2
1790144166.014225,177.55,1.41,-0.11
1790144166.155872,160.95,1.4,-0.54
1790144166.434321,143.44,1.35,-0.97
1790144166.6395614,125.66,1.06,-1.35
1790144166.849061,107.74,0.72,-1.6
1790144167.0455077,98.63,0.5,-1.71
1790144167.1812127,98.14,0.49,-1.73
1790144167.4727466,98.14,0.51,-1.71
1790144167.490819,98.15,0.51,-1.71
1790144167.8698194,98.29,0.52,-1.72
1790144167.8889208,98.28,0.51,-1.71
1790144168.0813668,98.29,0.51,-1.71
1790144168.3179865,98.28,0.5,-1.7
1790144168.5311067,98.15,0.59,-1.83
1790144168.7693932,98.24,0.26,-1.78
1790144168.8974783,98.24,0.35,-1.76
1790144169.1535306,98.23,0.19,-1.76
1790144169.3640392,98.27,0.28,-1.75
1790144169.6044796,98.22,0.18,-1.75
1790144169.7493918,98.28,0.12,-1.79
1790144169.9612663,98.21,0.09,-1.74
1790144170.1975818,98.29,-0.09,-1.77
1790144170.531951,98.27,-0.15,-1.8
1790144170.6063025,98.57,-0.15,-1.79
1790144170.9436245,98.38,-0.09,-1.76
1790144170.9699695,98.36,-0.09,-1.77
1790144171.2109973,98.31,-0.1,-1.76
1790144171.5296075,98.28,-0.11,-1.76
1790144171.7109904,98.29,-0.11,-1.76
1790144171.8511395,98.27,-0.12,-1.76
1790144172.1717,98.25,-0.12,-1.77
1790144172.209373,98.26,-0.12,-1.77
1790144172.578245,98.23,-0.12,-1.77
1790144172.7844517,98.25,-0.12,-1.76
1790144172.994024,98.26,-0.13,-1.76
1790144173.1764247,98.28,-0.13,-1.75
1790144173.3990579,98.26,-0.12,-1.75
1790144173.591842,98.28,-0.12,-1.75
1790144173.8089905,98.28,-0.12,-1.75
1790144174.0173538,98.28,-0.12,-1.74
1790144174.2110915,98.28,-0.13,-1.74
1790144174.4317372,98.28,-0.13,-1.74
1790144174.4495769,98.28,-0.12,-1.74
1790144174.8336034,98.28,-0.13,-1.74
1790144175.010877,98.28,-0.12,-1.74
1790144175.2194684,98.28,-0.12,-1.73
1790144175.4460526,98.29,-0.11,-1.73
1790144175.6496885,98.32,-0.11,-1.72
1790144175.6684742,98.35,-0.1,-1.71
1790144175.8600295,98.36,-0.09,-1.71
1790144176.079895,98.38,-0.09,-1.7
1790144176.4764078,106.69,0.12,-1.68
1790144176.484605,122.83,0.47,-1.63
1790144176.6773431,140.19,0.83,-1.45
1790144176.8835218,157.93,1.07,-1.12
1790144177.2376554,175.81,1.24,-0.72
1790144177.4982474,-172.33,1.28,-0.33
1790144177.705188,-171.63,1.3,-0.35
1790144177.898347,-171.64,1.3,-0.34
1790144178.1249309,-171.65,1.3,-0.34
1790144178.318483,-171.65,1.31,-0.34
1790144178.5127323,-171.68,1.32,-0.34
1790144178.7540288,-171.68,1.32,-0.34
1790144178.9467714,-171.64,1.37,-0.36
1790144179.1557374,-171.67,1.09,-0.43
1790144179.3980427,-171.61,1.2,-0.4
1790144179.5414748,-171.64,1.03,-0.41
1790144179.8490303,-171.62,1.18,-0.46
1790144179.9766183,-171.64,1.21,-0.45
1790144180.168681,-171.63,1.22,-0.53
1790144180.360929,-171.59,1.19,-0.55
1790144180.568705,-171.63,1.07,-0.53
1790144180.7794526,-171.69,1.04,-0.57
1790144180.9741158,-171.93,0.95,-0.56
1790144181.184977,-171.86,0.98,-0.57
1790144181.419296,-171.87,0.99,-0.57
1790144181.6035917,-171.88,0.99,-0.58
1790144181.7931294,-171.87,0.99,-0.58
1790144181.972516,-171.86,0.99,-0.59
1790144182.2128916,-171.87,1.0,-0.59
1790144182.4092808,-171.88,1.0,-0.59
1790144182.616199,-171.81,1.0,-0.6
1790144182.8108242,-171.81,1.0,-0.6
1790144183.0192401,-171.83,1.0,-0.6
1790144183.227829,-171.84,1.0,-0.59
1790144183.4377005,-171.83,1.01,-0.57
1790144183.62501,-171.83,1.0,-0.57
1790144183.847356,-171.81,1.01,-0.55
1790144184.0538747,-171.82,1.02,-0.55
1790144184.2471788,-171.82,1.02,-0.54
1790144184.4560733,-171.82,1.02,-0.54
1790144184.665288,-171.82,1.02,-0.54
1790144184.8743534,-171.82,1.02,-0.54
1790144185.0682063,-171.82,1.02,-0.54
1790144185.278784,-171.86,1.02,-0.54
1790144185.459659,-171.8,1.02,-0.55
1790144185.6818542,-171.78,1.02,-0.55
1790144185.8866844,-171.74,1.01,-0.56
1790144186.0966907,-171.68,1.01,-0.56
1790144186.3065681,-171.66,1.01,-0.56
1790144186.5336332,-171.62,1.0,-0.56
1790144186.7223582,-171.59,1.0,-0.57
1790144186.9037147,-171.55,1.0,-0.57
1790144187.1261253,-171.3,1.13,-0.58
1790144187.2871308,-171.35,0.8,-0.65
1790144187.468739,-171.37,0.9,-0.66
1790144187.6716073,-171.3,0.8,-0.69
1790144187.8647254,-171.32,0.81,-0.67
1790144188.12435,-171.25,1.04,-0.66
1790144188.3090317,-171.2,1.1,-0.69
1790144188.5103452,-171.19,1.28,-0.7
1790144188.7193358,-171.15,1.13,-0.66
1790144188.8954008,-171.14,1.05,-0.62
1790144189.1697628,-171.01,0.92,-0.62
1790144189.3796136,-170.97,0.95,-0.62
1790144189.5759027,-170.95,0.94,-0.63
1790144189.7778153,-170.93,0.94,-0.63
1790144189.9064674,-170.92,0.95,-0.63
1790144190.1971073,-170.92,0.95,-0.63
1790144190.3749273,-170.92,0.95,-0.63
1790144190.600579,-170.92,0.96,-0.62
1790144190.810758,-170.91,0.96,-0.63
1790144191.0075152,-170.9,0.96,-0.64
1790144191.197336,-170.88,0.96,-0.65
1790144191.3912084,-170.92,0.95,-0.65
1790144191.6256232,-170.91,0.94,-0.65
1790144191.8319423,-170.88,0.93,-0.65
1790144192.02246,-170.93,0.93,-0.65
1790144192.2473779,-170.93,0.92,-0.65
1790144192.392381,-170.92,0.92,-0.64
1790144192.6525776,-170.93,0.91,-0.64
1790144192.858547,-170.93,0.91,-0.64
1790144193.0676677,-170.93,0.91,-0.64
1790144193.2622747,-170.93,0.91,-0.64
1790144193.405192,-170.93,0.91,-0.64
1790144193.6783228,-170.94,0.91,-0.64
1790144193.8617158,-170.92,0.91,-0.64
1790144194.0826168,-170.94,0.91,-0.63
1790144194.2956016,-170.91,0.9,-0.63
1790144194.4064577,-170.88,0.9,-0.63
1790144194.6938348,-170.85,0.9,-0.62
1790144194.8379576,-170.85,0.9,-0.62
1790144195.1127985,-163.25,0.98,-0.4
1790144195.3050826,-147.34,0.96,-0.13
1790144195.4274974,-129.91,0.89,0.14
1790144195.7228482,-112.2,0.62,0.4
1790144195.9166238,-94.32,0.39,0.56
1790144196.1256156,-76.31,0.1,0.68
1790144196.3374412,-58.4,-0.24,0.61
1790144196.4465418,-40.33,-0.49,0.51
1790144196.7371695,-17.93,-0.88,0.27
1790144196.9465165,0.07,-1.07,0.03
1790144197.155266,8.85,-1.12,-0.15
1790144197.2766917,8.95,-1.12,-0.14
1790144197.4413671,8.91,-1.11,-0.12
1790144197.7635915,8.94,-1.11,-0.11
1790144197.9784808,8.95,-1.1,-0.1
1790144198.1836991,8.96,-1.1,-0.09
1790144198.384566,9.01,-1.1,-0.09
1790144198.5061102,8.94,-1.1,-0.1
1790144198.7466154,8.95,-1.01,-0.09
1790144198.8900182,9.0,-1.3,-0.12
1790144199.1456304,8.88,-1.35,-0.14
1790144199.3371665,8.96,-1.37,-0.08
1790144199.5277746,8.93,-1.28,-0.12
1790144199.7648077,8.93,-1.07,-0.11
1790144199.9554918,8.99,-1.03,-0.15
1790144200.146542,8.96,-0.98,-0.1
1790144200.3944838,8.91,-1.04,-0.04
1790144200.6423237,8.93,-1.08,-0.07
1790144200.805206,8.85,-1.18,-0.05
1790144201.0475497,8.83,-1.17,-0.06
1790144201.2351737,8.81,-1.16,-0.09
1790144201.4579115,8.83,-1.15,-0.1
1790144201.5704224,8.83,-1.15,-0.1
1790144201.8451064,8.83,-1.15,-0.1
1790144202.0354147,8.83,-1.16,-0.11
1790144202.2808962,8.84,-1.16,-0.11
1790144202.4586012,8.83,-1.16,-0.11
1790144202.683482,8.83,-1.17,-0.12
1790144202.8613126,8.85,-1.17,-0.12
1790144203.0863485,8.82,-1.18,-0.13
1790144203.2965333,8.84,-1.18,-0.14
1790144203.4905171,8.84,-1.19,-0.15
1790144203.6685672,8.83,-1.19,-0.15
1790144203.911427,8.88,-1.2,-0.17
1790144204.1215813,8.86,-1.2,-0.18
1790144204.3186216,8.86,-1.2,-0.18
1790144204.47709,8.86,-1.21,-0.19
1790144204.73649,8.86,-1.21,-0.18
1790144204.929276,8.86,-1.21,-0.19
1790144205.1439328,8.86,-1.21,-0.19
1790144205.3486283,8.86,-1.2,-0.18
1790144205.5098362,8.87,-1.2,-0.18
1790144205.7548993,8.85,-1.2,-0.19
1790144205.9636118,8.89,-1.2,-0.18
1790144206.1566122,8.91,-1.2,-0.18
1790144206.3037055,8.94,-1.2,-0.18
1790144206.4783769,8.94,-1.21,-0.18
1790144206.7843232,8.95,-1.21,-0.19
1790144206.9815147,-4.75,-1.14,0.03
1790144207.1899111,-21.47,-1.0,0.28
1790144207.3972032,-39.09,-0.75,0.53
1790144207.4941328,-56.98,-0.46,0.75
1790144207.8071938,-74.8,-0.03,0.77
1790144208.0127423,-81.58,0.11,0.8
1790144208.2061677,-81.58,0.13,0.78
1790144208.43351,-81.57,0.13,0.79
1790144208.4988792,-81.56,0.13,0.79
1790144208.8322272,-81.43,0.14,0.79
1790144209.0259376,-81.43,0.13,0.78
1790144209.1415792,-81.42,0.13,0.78
1790144209.2824323,-81.42,0.15,0.78
1790144209.5068357,-81.48,0.18,0.66
1790144209.7196484,-81.48,-0.04,0.75
1790144209.9230816,-81.46,0.04,0.79
1790144210.1663086,-81.47,-0.27,0.78
1790144210.2949476,-81.49,-0.37,0.79
1790144210.5047693,-81.48,-0.55,0.79
1790144210.7630217,-81.45,-0.59,0.76
1790144211.00389,-81.57,-0.59,0.8
1790144211.147768,-81.53,-0.67,0.82
1790144211.4861343,-81.56,-0.7,0.86
1790144211.5500045,-81.17,-0.72,0.86
1790144211.903129,-81.33,-0.66,0.77
1790144212.1026945,-81.36,-0.66,0.77
1790144212.2198944,-81.38,-0.66,0.77
1790144212.5221274,-81.41,-0.66,0.78
1790144212.537563,-81.41,-0.65,0.78
1790144212.924484,-81.47,-0.65,0.78
1790144213.1335752,-81.49,-0.64,0.77
1790144213.3440018,-81.52,-0.64,0.77
1790144213.5373862,-81.52,-0.64,0.77
1790144213.7462354,-81.63,-0.63,0.76
1790144213.941936,-81.65,-0.63,0.76
1790144214.1196468,-81.68,-0.63,0.76
1790144214.3614135,-81.69,-0.63,0.75
1790144214.5764434,-81.71,-0.63,0.75
1790144214.5867655,-81.72,-0.63,0.75
1790144214.9759388,-81.73,-0.63,0.74
1790144215.180785,-81.73,-0.63,0.75
1790144215.3872974,-81.73,-0.63,0.74
1790144215.5620844,-81.73,-0.63,0.75
1790144215.7859852,-81.73,-0.63,0.74
1790144215.8017387,-81.73,-0.63,0.75
1790144216.0087578,-81.73,-0.63,0.74
1790144216.4090612,-81.71,-0.63,0.75
1790144216.5706906,-81.7,-0.63,0.74
1790144216.705217,-81.67,-0.63,0.74
1790144216.8167264,-81.66,-0.63,0.74
1790144217.0196707,-81.64,-0.63,0.74
1790144217.2295494,-71.81,-0.81,0.65
1790144217.4380422,-55.44,-1.06,0.28
1790144217.6481001,-38.01,-1.22,-0.07
1790144217.8432112,-20.1,-1.34,-0.45
1790144218.035238,-2.23,-1.28,-0.74
1790144218.2648175,15.68,-1.05,-1.06
1790144218.4548917,33.73,-0.78,-1.31
1790144218.6636531,51.69,-0.45,-1.49
1790144218.857929,74.19,0.0,-1.51
1790144219.072793,92.19,0.34,-1.47
1790144219.2762542,98.17,0.48,-1.45
1790144219.4696136,98.03,0.5,-1.46
1790144219.6776083,98.01,0.52,-1.44
1790144219.8867702,98.04,0.52,-1.43
1790144220.1018107,98.07,0.51,-1.42
1790144220.306689,98.09,0.52,-1.42
1790144220.5077043,98.09,0.52,-1.42
1790144220.7414072,98.08,0.52,-1.42
1790144220.9335842,98.01,0.61,-1.37
1790144221.1261091,97.97,0.38,-1.47
1790144221.3498907,98.06,0.31,-1.49
1790144221.5273168,98.06,0.42,-1.41
1790144221.7689676,98.1,0.24,-1.48
1790144221.9621005,98.1,0.18,-1.45
1790144222.139211,98.12,-0.01,-1.48
1790144222.364397,98.12,-0.18,-1.51
1790144222.5602908,98.08,-0.3,-1.44
1790144222.7531335,98.08,-0.31,-1.43
1790144222.9649003,98.06,-0.38,-1.4
1790144223.1570296,97.69,-0.38,-1.41
1790144223.3643456,97.7,-0.36,-1.44
1790144223.5651765,97.69,-0.36,-1.43
1790144223.7873476,97.68,-0.36,-1.43
1790144223.9809697,97.67,-0.37,-1.43
1790144224.396707,97.67,-0.37,-1.43
1790144224.396707,97.66,-0.37,-1.43
1790144224.6052454,97.65,-0.37,-1.44
1790144224.8018832,97.68,-0.37,-1.44
1790144225.007881,97.65,-0.37,-1.44
1790144225.217344,97.65,-0.38,-1.46
1790144225.4107308,97.66,-0.39,-1.46
1790144225.6036222,97.66,-0.39,-1.46
1790144225.8642752,97.66,-0.39,-1.47
1790144226.0401378,97.66,-0.39,-1.48
1790144226.2456238,97.65,-0.4,-1.49
1790144226.441725,97.66,-0.4,-1.49
1790144226.6474926,97.66,-0.41,-1.5
1790144226.8564148,97.65,-0.42,-1.51
1790144227.0697029,97.65,-0.42,-1.52
1790144227.2602296,97.67,-0.43,-1.52
1790144227.4462461,97.65,-0.43,-1.52
1790144227.6787562,97.63,-0.44,-1.53
1790144227.8725445,97.63,-0.44,-1.54
1790144228.081105,97.65,-0.44,-1.54
1790144228.2263565,97.64,-0.45,-1.54
1790144228.4845083,97.63,-0.45,-1.55
1790144228.6939352,96.47,-0.42,-1.58
1790144228.9027636,80.92,-0.77,-1.46
1790144229.1101747,63.91,-1.09,-1.22
1790144229.307256,46.43,-1.34,-0.8
1790144229.5155854,28.49,-1.43,-0.4
1790144229.7230012,11.36,-1.35,0.01
1790144229.9164257,6.41,-1.31,0.1
1790144230.0296464,6.2,-1.3,0.09
1790144230.3349428,6.22,-1.29,0.08
1790144230.5402782,6.21,-1.29,0.09
1790144230.7459366,6.23,-1.3,0.08
1790144230.9043798,6.17,-1.3,0.08
1790144231.089499,6.53,-1.2,0.03
1790144231.2686584,6.33,-1.53,-0.06
1790144231.456994,6.2,-1.59,-0.0
1790144231.7111208,6.15,-1.66,-0.03
1790144231.902459,6.15,-1.7,0.01
1790144232.1414244,6.22,-1.6,-0.03
1790144232.3305755,6.21,-1.54,-0.12
1790144232.5842757,6.13,-1.54,-0.14
1790144232.7268667,6.12,-1.6,-0.19
1790144232.916995,6.16,-1.66,-0.14
1790144233.2153375,6.25,-1.77,-0.13
1790144233.4071798,5.71,-1.76,-0.12
1790144233.611789,5.72,-1.77,-0.13
1790144233.7861705,5.7,-1.78,-0.14
1790144233.9307797,5.8,-1.78,-0.14
1790144234.1886604,5.78,-1.79,-0.15
1790144234.4304466,5.77,-1.79,-0.15
1790144234.639698,5.78,-1.79,-0.16
1790144234.8008692,5.78,-1.79,-0.16
1790144234.978682,5.81,-1.79,-0.18
1790144235.2535784,5.8,-1.8,-0.19
1790144235.4502623,5.8,-1.8,-0.2
1790144235.6574852,5.83,-1.81,-0.2
1790144235.8182912,5.81,-1.81,-0.21
1790144236.0587502,5.83,-1.82,-0.22
1790144236.2666655,5.82,-1.82,-0.22
1790144236.4797204,5.82,-1.83,-0.23
1790144236.6847997,5.81,-1.83,-0.23
1790144236.815553,5.82,-1.84,-0.24
1790144237.0869634,5.82,-1.84,-0.24
1790144237.300646,5.82,-1.84,-0.24
1790144237.506342,5.78,-1.84,-0.24
1790144237.6925287,5.81,-1.84,-0.23
1790144237.8436396,5.8,-1.84,-0.23
1790144238.1182733,5.8,-1.84,-0.23
1790144238.3126333,5.85,-1.83,-0.23
1790144238.4408731,5.81,-1.84,-0.23
1790144238.7320526,5.8,-1.84,-0.22
1790144238.8338227,5.81,-1.84,-0.22
1790144239.1354632,-8.6,-1.73,0.11
1790144239.3098555,-25.36,-1.49,0.56
1790144239.5477548,-42.93,-1.15,0.99
1790144239.7607691,-65.19,-0.52,1.28
1790144239.9615607,-81.32,-0.03,1.39
1790144240.165405,-83.53,0.02,1.37
1790144240.281271,-83.51,0.06,1.39
1790144240.5633225,-83.4,0.07,1.38
1790144240.7761073,-83.41,0.07,1.38
1790144240.9194245,-83.41,0.07,1.38
1790144241.1075356,-83.28,0.17,1.29
1790144241.3112795,-83.39,-0.09,1.26
1790144241.545332,-83.43,-0.2,1.32
1790144241.8042555,-83.42,-0.21,1.34
1790144241.9468682,-83.41,-0.36,1.36
1790144242.1463761,-83.38,-0.23,1.29
1790144242.3164709,-83.41,-0.34,1.3
1790144242.5276868,-83.41,-0.41,1.26
1790144242.7183933,-83.45,-0.42,1.28
1790144242.960694,-83.48,-0.47,1.35
1790144243.2337518,-83.41,-0.62,1.31
1790144243.4310138,-83.09,-0.61,1.3
1790144243.635502,-83.16,-0.57,1.32
1790144243.8393834,-83.16,-0.56,1.32
1790144243.951751,-83.15,-0.55,1.34
1790144244.2291112,-83.17,-0.55,1.34
1790144244.4682367,-83.16,-0.55,1.34
1790144244.6783187,-83.17,-0.54,1.34
1790144244.8727233,-83.19,-0.53,1.35
1790144245.0510695,-83.17,-0.54,1.34
1790144245.2778816,-83.21,-0.53,1.34
1790144245.483863,-83.21,-0.53,1.33
1790144245.6922266,-83.2,-0.53,1.33
1790144245.8685043,-83.21,-0.53,1.32
1790144246.0949578,-83.19,-0.54,1.32
1790144246.309163,-83.2,-0.53,1.32
1790144246.5170443,-83.2,-0.53,1.32
1790144246.707976,-83.22,-0.53,1.31
1790144246.8855498,-83.22,-0.53,1.31
1790144247.1263158,-83.22,-0.53,1.31
1790144247.3362958,-83.21,-0.53,1.31
1790144247.47626,-83.21,-0.54,1.31
1790144247.6515403,-83.22,-0.54,1.3
1790144247.8909886,-83.23,-0.54,1.3
1790144248.151278,-83.23,-0.53,1.29
1790144248.3562102,-83.2,-0.53,1.29
1790144248.4687924,-83.24,-0.53,1.29
1790144248.76785,-83.23,-0.52,1.28
1790144248.9187636,-83.24,-0.52,1.28
1790144249.1777678,-72.19,-0.83,1.18
1790144249.3711097,-55.66,-1.22,0.8
1790144249.4843433,-33.86,-1.58,0.28
1790144249.7889855,-15.9,-1.73,-0.19
1790144249.9344294,1.7,-1.7,-0.68
1790144250.177063,7.08,-1.67,-0.8
1790144250.2573297,7.19,-1.66,-0.8
1790144250.4855394,7.14,-1.65,-0.79
1790144250.810092,7.13,-1.64,-0.77
1790144250.9192367,7.09,-1.63,-0.77
1790144251.1177962,7.13,-1.59,-0.76
1790144251.3214827,7.27,-1.73,-0.78
1790144251.5308073,7.2,-1.87,-0.87
1790144251.7077804,7.14,-1.78,-0.77
1790144251.9013922,7.15,-1.62,-0.8
1790144252.1085258,7.13,-1.4,-0.73
1790144252.3355434,7.17,-1.21,-0.73
1790144252.5449965,7.11,-1.3,-0.73
1790144252.7852957,7.06,-1.37,-0.7
1790144252.930068,7.1,-1.47,-0.65
1790144253.2696862,7.14,-1.6,-0.6
1790144253.477302,7.88,-1.6,-0.62
1790144253.682986,7.78,-1.59,-0.63
1790144253.7275965,7.75,-1.59,-0.63
1790144253.9503815,7.65,-1.59,-0.63
1790144254.282867,7.65,-1.59,-0.63
1790144254.49608,7.64,-1.58,-0.64
1790144254.7045107,7.63,-1.58,-0.64
1790144254.912362,7.63,-1.58,-0.64
1790144254.9633243,7.61,-1.58,-0.65
1790144255.3126776,7.58,-1.58,-0.65
1790144255.522625,7.6,-1.58,-0.65
1790144255.7308254,7.6,-1.57,-0.66
1790144255.9028847,7.61,-1.58,-0.66
1790144255.982719,7.61,-1.57,-0.65
1790144256.336281,7.59,-1.57,-0.65
1790144256.546222,7.59,-1.57,-0.65
1790144256.755084,7.59,-1.56,-0.65
1790144256.755084,7.58,-1.56,-0.65
1790144256.9668648,7.58,-1.56,-0.65
1790144257.3681571,7.58,-1.56,-0.65
1790144257.3681571,7.57,-1.57,-0.65
1790144257.5816662,7.51,-1.56,-0.65
1790144257.7864785,7.52,-1.56,-0.65
1790144257.9797964,7.48,-1.56,-0.65
1790144258.1884322,7.47,-1.56,-0.64
1790144258.384647,7.49,-1.56,-0.64
1790144258.6085668,7.48,-1.56,-0.64
1790144258.7987795,7.47,-1.56,-0.64
1790144259.008655,17.01,-1.48,-0.87
1790144259.219177,33.12,-1.27,-1.28
1790144259.4124196,50.49,-0.97,-1.58
1790144259.8163831,68.3,-0.53,-1.87
1790144260.0148737,86.16,-0.11,-1.85
1790144260.2364106,97.31,0.2,-1.79
1790144260.2364106,98.08,0.23,-1.82
1790144260.4463384,98.03,0.24,-1.8
1790144260.8503878,98.01,0.24,-1.78
1790144260.8503878,98.05,0.26,-1.77
1790144261.060465,97.96,0.25,-1.77
1790144261.2642407,97.96,0.28,-1.76
1790144261.4986308,97.97,0.25,-1.74
1790144261.7063153,97.96,0.07,-1.85
1790144261.8781023,97.96,0.17,-1.79
1790144262.086242,97.98,0.04,-1.86
1790144262.2795136,97.95,0.02,-1.85
1790144262.5857484,97.95,-0.05,-1.81
1790144262.6979356,97.98,0.09,-1.88
1790144262.9062445,97.92,0.12,-1.82
1790144263.098259,97.94,0.1,-1.86
1790144263.4729874,97.92,-0.11,-1.86
1790144263.7177236,97.99,-0.11,-1.84
1790144263.7177236,97.96,-0.09,-1.85
1790144264.064908,97.96,-0.09,-1.86
1790144264.1470976,97.95,-0.09,-1.87
1790144264.3373766,97.95,-0.08,-1.87
1790144264.5144584,97.94,-0.08,-1.87
1790144264.7387443,97.94,-0.08,-1.87
1790144264.9483469,97.94,-0.09,-1.88
1790144265.253958,97.97,-0.08,-1.88
1790144265.350677,97.93,-0.08,-1.88
1790144265.558562,97.9,-0.07,-1.89
1790144265.7679317,97.89,-0.08,-1.89
1790144265.9622004,97.89,-0.08,-1.89
1790144266.3657084,97.88,-0.08,-1.88
1790144266.3835816,97.88,-0.08,-1.88
1790144266.5744758,97.88,-0.07,-1.88
1790144266.7837903,97.87,-0.07,-1.88
1790144266.9940357,97.87,-0.07,-1.88
1790144267.1865323,97.87,-0.08,-1.88
1790144267.3997042,97.87,-0.07,-1.88
1790144267.6061218,97.87,-0.08,-1.88
1790144267.8138635,97.87,-0.08,-1.87
1790144268.0078611,97.88,-0.08,-1.87
1790144268.21862,97.87,-0.09,-1.86
1790144268.4267902,97.89,-0.1,-1.86
1790144268.6364284,97.87,-0.1,-1.85
1790144268.8294759,97.89,-0.11,-1.85
1790144269.0365448,97.9,-0.11,-1.84
1790144269.2185435,97.89,-0.11,-1.84
1790144269.4268985,98.01,-0.0,-1.86
1790144269.617852,97.88,-0.26,-1.9
1790144269.8582625,97.85,-0.19,-1.88
1790144270.0515356,97.82,-0.29,-1.83
1790144270.2672493,97.82,-0.37,-1.8
1790144270.4704077,97.88,-0.45,-1.8
1790144270.647837,97.81,-0.24,-1.81
1790144270.840766,97.82,0.08,-1.79
1790144271.035158,97.84,0.38,-1.79
1790144271.2901142,97.79,0.53,-1.65
1790144271.496163,97.96,0.43,-1.65
1790144271.7027981,97.88,0.46,-1.61
1790144271.9105022,97.89,0.46,-1.62
1790144272.0794666,97.91,0.45,-1.61
1790144272.2714531,97.91,0.45,-1.61
1790144272.5164442,97.92,0.45,-1.61
1790144272.720927,97.93,0.46,-1.62
1790144272.9300506,98.0,0.46,-1.63
1790144273.1065323,98.01,0.47,-1.63
1790144273.3347394,98.01,0.47,-1.63
1790144273.543937,98.03,0.49,-1.64
1790144273.7491918,98.06,0.49,-1.64
1790144273.9319105,98.04,0.49,-1.64
1790144274.1363902,98.08,0.49,-1.64
1790144274.3629403,98.09,0.49,-1.65
1790144274.5692058,98.1,0.49,-1.64
1790144274.7792704,98.1,0.49,-1.64
1790144274.975209,98.1,0.49,-1.64
1790144275.1825557,98.1,0.49,-1.64
1790144275.3930123,98.1,0.49,-1.64
1790144275.5917473,98.1,0.49,-1.65
1790144275.7661943,98.08,0.49,-1.64
1790144276.0065022,98.08,0.49,-1.64
1790144276.1993666,98.12,0.48,-1.62
1790144276.4105659,98.14,0.49,-1.61
1790144276.5438774,98.16,0.49,-1.6
1790144276.8128283,98.17,0.49,-1.59
1790144277.0222716,98.2,0.49,-1.58
1790144277.2165883,112.22,0.86,-1.33
1790144277.4330533,129.46,1.04,-1.18
1790144277.6353395,146.96,1.19,-0.74
1790144277.7475662,164.79,1.27,-0.32
1790144278.0538013,-177.26,1.12,0.13
1790144278.231792,-171.28,1.09,0.25
1790144278.3605084,-171.25,1.09,0.26
1790144278.6675544,-171.26,1.1,0.28
1790144278.874706,-171.27,1.11,0.3
1790144278.9882903,-171.15,1.12,0.33
1790144279.1343024,-171.11,1.19,0.36
1790144279.3739035,-171.05,1.09,0.34
1790144279.5802937,-171.09,1.05,0.24
1790144279.7561846,-171.09,1.1,0.27
1790144279.9659786,-171.07,0.98,0.25
1790144280.2025077,-171.1,1.04,0.27
1790144280.3949883,-171.05,1.05,0.25
1790144280.5874796,-171.02,1.17,0.24
1790144280.846661,-171.06,1.26,0.13
1790144281.040274,-171.02,1.25,0.15
1790144281.2656796,-171.01,1.17,0.17
1790144281.5297122,-170.33,1.22,0.21
1790144281.7331254,-170.46,1.23,0.21
1790144281.939795,-170.52,1.24,0.22
1790144282.054529,-170.55,1.24,0.23
1790144282.2763088,-170.54,1.25,0.23
1790144282.5535197,-170.56,1.25,0.24
1790144282.7656596,-170.55,1.25,0.24
1790144282.9686766,-170.53,1.25,0.24
1790144283.1464503,-170.53,1.25,0.25
1790144283.2922304,-170.54,1.25,0.25
1790144283.5816717,-170.55,1.26,0.25
1790144283.7908266,-170.53,1.26,0.25
1790144283.9686296,-170.5,1.25,0.26
1790144284.1956108,-170.51,1.25,0.26
1790144284.3057497,-170.49,1.26,0.27
1790144284.5965552,-170.46,1.26,0.28
1790144284.8063052,-170.44,1.26,0.29
1790144285.0166261,-170.41,1.26,0.29
1790144285.213727,-170.4,1.26,0.3
1790144285.31754,-170.39,1.26,0.32
1790144285.6291213,-170.37,1.27,0.32
1790144285.64737,-170.34,1.27,0.32
1790144286.0293393,-170.34,1.27,0.33
1790144286.2425056,-170.32,1.27,0.34
1790144286.3206806,-170.3,1.27,0.34
1790144286.6542635,-170.3,1.27,0.34
1790144286.7766194,-170.3,1.27,0.35
1790144286.9073293,-170.29,1.28,0.36
1790144287.1567874,-170.37,1.3,0.29
1790144287.333255,-170.46,1.2,0.26
1790144287.530337,-170.47,1.29,0.32
1790144287.7376456,-170.46,1.19,0.29
1790144287.916765,-170.45,1.21,0.31
1790144288.1225767,-170.33,1.06,0.27
1790144288.3258965,-170.35,1.06,0.21
1790144288.5607011,-170.46,1.01,0.18
1790144288.745538,-170.32,1.0,0.13
1790144288.9061852,-170.32,0.97,0.18
1790144289.115372,-169.88,0.97,0.2
1790144289.3241904,-170.16,0.99,0.17
1790144289.5170867,-170.14,0.99,0.17
1790144289.857014,-170.12,0.98,0.18
1790144289.9180317,-170.12,0.98,0.18
1790144290.1440454,-170.11,0.98,0.18
1790144290.3696861,-170.12,0.99,0.18
1790144290.7094893,-170.14,1.0,0.18
1790144290.9509003,-170.15,1.0,0.19
1790144291.1599646,-170.15,1.01,0.19
1790144291.352555,-170.15,1.01,0.2
1790144291.7736707,-170.15,1.02,0.2
1790144291.7864316,-170.15,1.02,0.2
1790144291.9740374,-170.15,1.02,0.2
1790144292.1813788,-170.15,1.03,0.21
1790144292.3759701,-170.15,1.03,0.21
1790144292.6031601,-170.15,1.03,0.21
1790144292.7984786,-170.15,1.03,0.21
1790144293.0030322,-170.15,1.03,0.21
1790144293.2279534,-170.14,1.02,0.21
1790144293.4051735,-170.12,1.03,0.21
1790144293.6154218,-170.1,1.02,0.22
1790144293.8129287,-170.08,1.02,0.23
1790144294.0162678,-170.07,1.02,0.22
1790144294.2423103,-170.04,1.02,0.23
1790144294.4278493,-170.02,1.02,0.24
1790144294.6334295,-177.7,1.12,0.08
1790144294.8413522,166.26,1.19,-0.26
1790144295.0614142,148.94,1.12,-0.65
1790144295.2579832,131.17,0.96,-0.98
1790144295.4261236,113.33,0.75,-1.27
1790144295.664039,100.98,0.53,-1.39
1790144295.8701317,100.1,0.53,-1.41
1790144296.0795717,100.12,0.53,-1.39
1790144296.2847536,100.23,0.53,-1.38
1790144296.4758546,100.25,0.53,-1.36
1790144296.6651232,100.27,0.53,-1.35
1790144296.8912883,100.45,0.67,-1.41
1790144297.0488245,100.35,0.38,-1.4
1790144297.242776,100.29,0.5,-1.43
1790144297.4989727,100.32,0.41,-1.4
1790144297.6873434,100.32,0.35,-1.28
1790144297.880162,100.42,0.31,-1.22
1790144298.070501,100.41,0.28,-1.25
1790144298.2608304,100.42,0.36,-1.28
1790144298.5008068,100.45,0.4,-1.12
1790144298.741626,100.44,0.46,-1.14
1790144298.9514043,100.8,0.42,-1.02
1790144299.1451688,100.85,0.48,-1.09
1790144299.3541057,100.83,0.48,-1.09
1790144299.5545497,100.86,0.48,-1.08
1790144299.7617362,100.84,0.47,-1.08
1790144299.9544702,100.86,0.47,-1.07
1790144300.165435,100.84,0.48,-1.06
1790144300.3748577,100.86,0.48,-1.06
1790144300.5686283,100.88,0.47,-1.05
1790144300.745651,100.87,0.47,-1.04
1790144300.9882736,100.83,0.46,-1.03
1790144301.1982496,100.85,0.46,-1.03
1790144301.4060712,100.9,0.45,-1.02
1790144301.5670981,100.89,0.45,-1.01
1790144301.8130908,100.93,0.45,-1.0
1790144302.0172472,100.95,0.45,-1.0
1790144302.2212155,100.97,0.44,-0.98
1790144302.4218743,100.99,0.44,-0.97
1790144302.629786,101.0,0.44,-0.96
1790144302.8261752,101.0,0.44,-0.96
1790144303.0333207,101.01,0.44,-0.96
1790144303.2408884,100.94,0.45,-0.97
1790144303.4290955,100.96,0.45,-0.96
1790144303.6562688,100.93,0.45,-0.96
1790144303.8627586,100.94,0.46,-0.96
1790144304.0547817,100.97,0.46,-0.95
1790144304.182266,100.93,0.46,-0.95
1790144304.472882,100.92,0.47,-0.95
1790144304.664858,101.04,0.48,-0.94
1790144304.8735723,116.02,0.57,-0.8
1790144305.0853906,137.25,0.71,-0.57
1790144305.2924333,154.88,0.74,-0.39
1790144305.5008311,172.82,0.67,-0.14
1790144305.6958623,-171.71,0.55,0.08
1790144305.905109,-169.45,0.55,0.13
1790144306.0271838,-169.46,0.56,0.14
1790144306.2648113,-169.53,0.58,0.16
1790144306.4921627,-169.55,0.6,0.17
1790144306.6695147,-169.59,0.61,0.18
1790144306.8778348,-169.77,0.7,0.24
1790144307.0714784,-169.75,0.52,0.22
1790144307.263904,-169.61,0.53,0.13
1790144307.4635441,-169.59,0.52,0.17
1790144307.698173,-169.58,0.57,0.15
1790144307.8919013,-169.63,0.81,0.22
1790144308.10868,-169.55,0.95,0.15
1790144308.35418,-169.56,1.18,0.11
1790144308.4868033,-169.64,1.14,0.12
1790144308.679472,-169.67,1.11,0.09
1790144308.9867342,-169.46,0.98,0.17
1790144309.1776278,-169.42,1.1,0.12
1790144309.387946,-169.43,1.09,0.13
1790144309.546325,-169.46,1.13,0.13
1790144309.7852974,-169.46,1.13,0.13
1790144309.9706962,-169.47,1.13,0.13
1790144310.2061808,-169.47,1.13,0.13
1790144310.4006748,-169.47,1.14,0.12
1790144310.531332,-169.48,1.15,0.12
1790144310.82133,-169.49,1.15,0.12
1790144311.0161526,-169.5,1.16,0.12
1790144311.225138,-169.51,1.16,0.11
1790144311.4320261,-169.49,1.17,0.11
1790144311.5566318,-169.52,1.17,0.1
1790144311.8484564,-169.51,1.18,0.1
1790144312.052874,-169.5,1.19,0.1
1790144312.246627,-169.51,1.2,0.1
1790144312.453326,-169.5,1.2,0.1
1790144312.5660288,-169.49,1.2,0.1
1790144312.8557234,-169.49,1.2,0.1
1790144313.06984,-169.49,1.2,0.09
1790144313.2776563,-169.49,1.19,0.09
1790144313.4554815,-169.46,1.19,0.08
1790144313.5857003,-169.49,1.18,0.08
1790144313.887629,-169.47,1.18,0.08
1790144314.094634,-169.45,1.18,0.08
1790144314.2894282,-169.48,1.18,0.07
1790144314.496269,-169.46,1.18,0.07
1790144314.5824866,-169.45,1.17,0.06
1790144314.823137,-169.45,1.16,0.06
1790144315.091445,-169.42,1.18,0.05
1790144315.2253404,-169.66,1.04,0.13
1790144315.4187193,-169.65,0.97,0.02
1790144315.594703,-169.69,1.05,0.0
1790144315.8065646,-169.68,0.93,0.02
1790144315.995989,-169.66,0.81,0.05
1790144316.3020961,-169.6,0.77,0.11
1790144316.4462674,-169.59,0.77,0.02
1790144316.6079047,-169.65,0.93,0.01
1790144316.9122205,-169.63,0.87,0.01
1790144317.1704156,-169.62,0.84,0.03
1790144317.3709388,-169.59,0.78,0.05
1790144317.5738196,-169.6,0.78,0.06
1790144317.6278152,-169.6,0.79,0.06
1790144317.9585075,-169.6,0.8,0.06
1790144318.1846647,-169.59,0.79,0.07
1790144318.3979304,-169.61,0.79,0.06
1790144318.6032283,-169.61,0.79,0.05
1790144318.619264,-169.62,0.78,0.04
1790144319.0102756,-169.6,0.78,0.03
1790144319.0271127,-169.63,0.78,0.03
1790144319.42362,-169.61,0.76,0.02
1790144319.5906065,-169.61,0.75,0.01
1790144319.8240783,-169.57,0.74,0.0
1790144320.0305057,-169.59,0.74,-0.0
1790144320.2380607,-169.59,0.73,-0.01
1790144320.25317,-169.58,0.72,-0.01
1790144320.653366,-169.58,0.72,-0.01
1790144320.8489556,-169.58,0.72,-0.01
1790144321.0549932,-169.58,0.72,-0.01
1790144321.2646923,-169.58,0.72,-0.01
1790144321.44235,-169.6,0.72,-0.01
1790144321.6517413,-169.58,0.71,-0.02
1790144321.8774984,-169.59,0.71,-0.03
1790144322.0835805,-169.6,0.7,-0.03
1790144322.2852683,-169.61,0.69,-0.04
1790144322.351236,-169.59,0.69,-0.05
1790144322.506771,-169.6,0.69,-0.05
1790144322.8946328,-169.6,0.68,-0.06
1790144323.3116872,-169.6,0.68,-0.06
1790144323.3116872,-169.6,0.68,-0.06
1790144323.5198586,-169.6,0.68,-0.05
1790144323.9222505,-169.6,0.68,-0.06
1790144323.9222505,-169.6,0.68,-0.06
1790144324.131887,-169.6,0.68,-0.06
1790144324.3249912,-169.6,0.68,-0.06
1790144324.550496,-169.6,0.68,-0.06
1790144324.7445707,-169.6,0.68,-0.06
1790144324.9503832,-169.6,0.68,-0.06
1790144325.1475127,-169.6,0.68,-0.06
1790144325.3547525,-169.6,0.68,-0.06
1790144325.5653756,-169.6,0.68,-0.05
1790144325.7758954,-169.6,0.68,-0.06
1790144325.9705198,-169.6,0.68,-0.06
1790144326.1808124,-169.6,0.68,-0.06
1790144326.3750558,-169.6,0.68,-0.06
1790144326.5858977,-169.6,0.68,-0.06
1790144326.9892058,-169.6,0.68,-0.06
1790144326.9892058,-169.6,0.68,-0.05
1790144327.2004387,-169.6,0.68,-0.06
1790144327.4088275,-169.6,0.68,-0.06
1790144327.6130652,-169.6,0.68,-0.06
1790144327.8199842,-169.6,0.68,-0.06
1790144328.027028,-169.6,0.68,-0.06
1790144328.2192738,-169.6,0.68,-0.06
1790144328.4294615,-169.6,0.68,-0.06
1790144328.6389852,-169.6,0.68,-0.06
1790144328.8336282,-169.6,0.68,-0.06
1790144329.0425644,-169.6,0.68,-0.06
1790144329.2665467,-169.6,0.68,-0.06
1790144329.4672198,-169.6,0.68,-0.06
1790144329.6685865,-169.6,0.68,-0.06
1790144329.8697214,-169.6,0.68,-0.06
1790144330.0745027,-169.6,0.68,-0.06
1790144330.2843628,-169.6,0.68,-0.06
1790144330.4780738,-169.6,0.68,-0.06
1790144330.6869812,-169.6,0.68,-0.06
1790144330.8823144,-169.6,0.68,-0.06
1790144331.1050818,-169.6,0.68,-0.06
1790144331.2986066,-169.6,0.68,-0.06
1790144331.5066397,-169.6,0.68,-0.06
1790144331.7157364,-169.6,0.68,-0.06
1790144331.9094794,-169.6,0.68,-0.06
1790144332.1170158,-169.6,0.68,-0.06
1790144332.3271122,-169.6,0.68,-0.06
1790144332.5377576,-169.6,0.68,-0.06
1790144332.7640743,-169.6,0.68,-0.06
1790144332.9257097,-169.6,0.68,-0.06
1790144333.1355975,-169.6,0.68,-0.06
1790144333.3445885,-169.6,0.68,-0.06
1790144333.55457,-169.6,0.68,-0.06
1790144333.7646217,-169.6,0.68,-0.06
1790144333.9583135,-169.6,0.68,-0.06
1790144334.1682484,-169.6,0.68,-0.06
1790144334.362692,-169.6,0.68,-0.06
1790144334.57349,-169.6,0.68,-0.06
1790144334.7997644,-169.6,0.68,-0.06
1790144334.977139,-169.6,0.68,-0.06
1790144335.2024074,-169.6,0.68,-0.06
1790144335.4097114,-169.6,0.68,-0.06
1790144335.603283,-169.6,0.68,-0.06
1790144335.7751675,-169.6,0.68,-0.06
1790144336.0181885,-169.6,0.68,-0.06
1790144336.222634,-169.6,0.68,-0.06
1790144336.4165566,-169.6,0.68,-0.06
1790144336.6260922,-169.6,0.68,-0.06
1790144336.8086565,-169.6,0.68,-0.06
1790144337.029158,-169.6,0.68,-0.06
1790144337.23837,-169.6,0.68,-0.06
1790144337.4478593,-169.6,0.68,-0.06
1790144337.6420875,-169.6,0.68,-0.06
1790144337.81802,-169.6,0.68,-0.06
1790144338.0604742,-169.6,0.68,-0.06
1790144338.2535813,-169.6,0.68,-0.06
1790144338.382913,-169.6,0.68,-0.06
1790144338.6717336,-169.6,0.68,-0.06
1790144338.8178353,-169.6,0.68,-0.06
1790144339.0737197,-169.6,0.68,-0.06
1790144339.2824721,-169.6,0.68,-0.06
1790144339.492232,-169.6,0.68,-0.05
1790144339.6865067,-169.6,0.68,-0.06
1790144339.831601,-169.6,0.68,-0.06
1790144340.1050901,-169.6,0.68,-0.06
1790144340.2992744,-169.6,0.68,-0.06
1790144340.5154798,-169.59,0.68,-0.06
1790144340.7197752,-169.61,3.26,-0.97
1790144340.8330305,-166.74,11.59,0.03
1790144341.129093,-160.77,9.28,2.14
1790144341.3322537,-156.88,11.11,-2.59
1790144341.5407481,-158.94,7.76,-3.62
1790144341.7351854,-169.59,-0.29,-0.01
1790144341.8645377,176.69,-4.37,-2.51
1790144342.1554675,162.38,0.1,-2.69
1790144342.3466752,148.67,6.65,0.88
1790144342.5554852,138.21,4.89,-0.71
1790144342.765436,126.58,1.59,-1.8
1790144342.861244,120.55,2.91,2.55
1790144343.167112,118.59,4.16,-2.14
1790144343.3744442,117.5,2.97,-4.83
1790144343.5806968,106.94,0.16,-5.35
1790144343.7883835,98.45,-1.73,-5.11
1790144343.8684182,99.97,5.0,-4.43
1790144344.1884637,105.04,10.36,-4.21
1790144344.3976495,105.41,3.78,-4.01
1790144344.6061265,105.95,0.6,-1.61
1790144344.8148842,126.28,0.93,-0.71
1790144345.0086775,142.16,0.97,-0.5
1790144345.2175872,147.82,1.03,-0.38
1790144345.4271564,149.88,1.04,-0.37
1790144345.6363544,150.35,1.05,-0.37
1790144345.828001,150.4,1.06,-0.37
1790144345.907462,150.53,1.09,-0.36
1790144346.250018,150.56,1.1,-0.37
1790144346.4550612,150.58,1.12,-0.36
1790144346.6524293,150.57,1.14,-0.35
1790144346.8577483,150.57,1.15,-0.35
1790144346.9212086,150.57,1.16,-0.35
1790144347.274642,150.56,1.17,-0.34
1790144347.4693043,150.57,1.18,-0.34
1790144347.679343,150.57,1.2,-0.33
1790144347.888182,150.57,1.2,-0.34
1790144348.0954695,150.57,1.21,-0.33
1790144348.2893586,150.57,1.22,-0.33
1790144348.4997828,150.57,1.23,-0.33
1790144348.6936436,150.57,1.24,-0.33
1790144348.9023721,150.57,1.25,-0.33
1790144349.1108353,150.57,1.26,-0.33
1790144349.320663,150.57,1.27,-0.33
1790144349.5126402,150.57,1.29,-0.33
1790144349.7303991,150.57,1.3,-0.33
1790144349.9366534,150.57,1.31,-0.33
1790144350.1401052,150.57,1.32,-0.33
1790144350.347935,150.57,1.34,-0.33
1790144350.5478406,150.57,1.35,-0.33
1790144350.7564826,150.57,1.36,-0.33
1790144350.9581523,150.57,1.37,-0.33
1790144351.1631167,150.56,1.38,-0.33
1790144351.3701582,150.56,1.39,-0.33
1790144351.575948,150.56,1.41,-0.33
1790144351.7788575,150.56,1.42,-0.33
1790144351.9520104,150.55,1.43,-0.33
1790144352.1895902,150.55,1.44,-0.32
1790144352.3831563,150.55,1.45,-0.32
1790144352.5904737,150.56,1.46,-0.31
1790144352.7913115,150.56,1.48,-0.31
1790144352.8588316,150.56,1.49,-0.3
1790144353.2106266,150.56,1.5,-0.3
1790144353.404967,150.56,1.52,-0.3
1790144353.5963235,150.56,1.53,-0.3
